Priority,IntegrationBucket,MergeAction,Key,CurrentAppliesTo,CurrentQuality,RecommendedQuality,RecommendedDescription,SourceUrl,Decision
P0,RemoveOrBacklog,ReviewContextOrRemoveNoise,Players,Global,auto-extracted,community-reviewed-side-country-list-p0-20260603,Players 当前注释混入列表/阵营注册信息；不应作为普通 Global 字段直接合入，需确认实际段落。,https://phobos.readthedocs.io/en/latest/New-or-Enhanced-Logics.html,RemovedFromRuntimeToBacklog
P0,RemoveOrBacklog,ReviewContextOrRemoveNoise,Side,Global,auto-extracted,community-reviewed-side-country-list-p0-20260603,Side 当前注释混入列表/阵营注册信息；不应作为普通 Global 字段直接合入，需确认实际段落。,https://phobos.readthedocs.io/en/latest/New-or-Enhanced-Logics.html,RemovedFromRuntimeToBacklog
P0,RemoveOrBacklog,ReviewContextOrRemoveNoise,ThirdSide,Global,auto-extracted,community-reviewed-side-country-list-p0-20260603,ThirdSide 当前注释混入列表/阵营注册信息；不应作为普通 Global 字段直接合入，需确认实际段落。,https://phobos.readthedocs.io/en/latest/New-or-Enhanced-Logics.html,RemovedFromRuntimeToBacklog
P0,RemoveOrBacklog,MoveToColorSectionOrRemoveTechnoDuplicate,Black,Techno,auto-extracted,community-reviewed-color-token-guardrail-p0-20260603,Black 更像颜色名称或 RGB 片段，不应作为 TechnoType 普通字段；若需要保留，应归入颜色/调色板上下文并清理 RGB 示例。,https://modenc.renegadeprojects.com/General,RemovedFromRuntimeToBacklog
P0,RemoveOrBacklog,MoveToColorSectionOrRemoveTechnoDuplicate,Blue,Techno,auto-extracted,community-reviewed-color-token-guardrail-p0-20260603,Blue 更像颜色名称或 RGB 片段，不应作为 TechnoType 普通字段；若需要保留，应归入颜色/调色板上下文并清理 RGB 示例。,https://modenc.renegadeprojects.com/General,RemovedFromRuntimeToBacklog
P0,RemoveOrBacklog,MoveToColorSectionOrRemoveTechnoDuplicate,Burgandy,Techno,auto-extracted,community-reviewed-color-token-guardrail-p0-20260603,Burgandy 更像颜色名称或 RGB 片段，不应作为 TechnoType 普通字段；若需要保留，应归入颜色/调色板上下文并清理 RGB 示例。,https://modenc.renegadeprojects.com/General,RemovedFromRuntimeToBacklog
P0,RemoveOrBacklog,MoveToColorSectionOrRemoveTechnoDuplicate,Cyan,Techno,auto-extracted,community-reviewed-color-token-guardrail-p0-20260603,Cyan 更像颜色名称或 RGB 片段，不应作为 TechnoType 普通字段；若需要保留，应归入颜色/调色板上下文并清理 RGB 示例。,https://modenc.renegadeprojects.com/General,RemovedFromRuntimeToBacklog
P0,RemoveOrBacklog,MoveToColorSectionOrRemoveTechnoDuplicate,DarkBlue,Global,auto-extracted,community-reviewed-color-token-guardrail-p0-20260603,DarkBlue 更像颜色名称或 RGB 片段，不应作为 TechnoType 普通字段；若需要保留，应归入颜色/调色板上下文并清理 RGB 示例。,https://modenc.renegadeprojects.com/General,RemovedFromRuntimeToBacklog
P0,RemoveOrBacklog,MoveToColorSectionOrRemoveTechnoDuplicate,DarkBlue,Techno,auto-extracted,community-reviewed-color-token-guardrail-p0-20260603,DarkBlue 更像颜色名称或 RGB 片段，不应作为 TechnoType 普通字段；若需要保留，应归入颜色/调色板上下文并清理 RGB 示例。,https://modenc.renegadeprojects.com/General,RemovedFromRuntimeToBacklog
P0,RemoveOrBacklog,MoveToColorSectionOrRemoveTechnoDuplicate,DarkCyan,Techno,auto-extracted,community-reviewed-color-token-guardrail-p0-20260603,DarkCyan 更像颜色名称或 RGB 片段，不应作为 TechnoType 普通字段；若需要保留，应归入颜色/调色板上下文并清理 RGB 示例。,https://modenc.renegadeprojects.com/General,RemovedFromRuntimeToBacklog
P0,RemoveOrBacklog,MoveToColorSectionOrRemoveTechnoDuplicate,DarkGold,Techno,auto-extracted,community-reviewed-color-token-guardrail-p0-20260603,DarkGold 更像颜色名称或 RGB 片段，不应作为 TechnoType 普通字段；若需要保留，应归入颜色/调色板上下文并清理 RGB 示例。,https://modenc.renegadeprojects.com/General,RemovedFromRuntimeToBacklog
P0,RemoveOrBacklog,MoveToColorSectionOrRemoveTechnoDuplicate,DarkGrey,Techno,auto-extracted,community-reviewed-color-token-guardrail-p0-20260603,DarkGrey 更像颜色名称或 RGB 片段，不应作为 TechnoType 普通字段；若需要保留，应归入颜色/调色板上下文并清理 RGB 示例。,https://modenc.renegadeprojects.com/General,RemovedFromRuntimeToBacklog
P0,RemoveOrBacklog,MoveToColorSectionOrRemoveTechnoDuplicate,DarkMagenta,Techno,auto-extracted,community-reviewed-color-token-guardrail-p0-20260603,DarkMagenta 更像颜色名称或 RGB 片段，不应作为 TechnoType 普通字段；若需要保留，应归入颜色/调色板上下文并清理 RGB 示例。,https://modenc.renegadeprojects.com/General,RemovedFromRuntimeToBacklog
P0,RemoveOrBacklog,MoveToColorSectionOrRemoveTechnoDuplicate,DarkOrange,Techno,auto-extracted,community-reviewed-color-token-guardrail-p0-20260603,DarkOrange 更像颜色名称或 RGB 片段，不应作为 TechnoType 普通字段；若需要保留，应归入颜色/调色板上下文并清理 RGB 示例。,https://modenc.renegadeprojects.com/General,RemovedFromRuntimeToBacklog
P0,RemoveOrBacklog,MoveToColorSectionOrRemoveTechnoDuplicate,DarkPeach,Techno,auto-extracted,community-reviewed-color-token-guardrail-p0-20260603,DarkPeach 更像颜色名称或 RGB 片段，不应作为 TechnoType 普通字段；若需要保留，应归入颜色/调色板上下文并清理 RGB 示例。,https://modenc.renegadeprojects.com/General,RemovedFromRuntimeToBacklog
P0,RemoveOrBacklog,MoveToColorSectionOrRemoveTechnoDuplicate,DarkRed,Global,auto-extracted,community-reviewed-color-token-guardrail-p0-20260603,DarkRed 更像颜色名称或 RGB 片段，不应作为 TechnoType 普通字段；若需要保留，应归入颜色/调色板上下文并清理 RGB 示例。,https://modenc.renegadeprojects.com/General,RemovedFromRuntimeToBacklog
P0,RemoveOrBacklog,MoveToColorSectionOrRemoveTechnoDuplicate,DarkRed,Techno,auto-extracted,community-reviewed-color-token-guardrail-p0-20260603,DarkRed 更像颜色名称或 RGB 片段，不应作为 TechnoType 普通字段；若需要保留，应归入颜色/调色板上下文并清理 RGB 示例。,https://modenc.renegadeprojects.com/General,RemovedFromRuntimeToBacklog
P0,RemoveOrBacklog,MoveToColorSectionOrRemoveTechnoDuplicate,DarkTeal,Techno,auto-extracted,community-reviewed-color-token-guardrail-p0-20260603,DarkTeal 更像颜色名称或 RGB 片段，不应作为 TechnoType 普通字段；若需要保留，应归入颜色/调色板上下文并清理 RGB 示例。,https://modenc.renegadeprojects.com/General,RemovedFromRuntimeToBacklog
P0,RemoveOrBacklog,MoveToColorSectionOrRemoveTechnoDuplicate,DarkYellow,Techno,auto-extracted,community-reviewed-color-token-guardrail-p0-20260603,DarkYellow 更像颜色名称或 RGB 片段，不应作为 TechnoType 普通字段；若需要保留，应归入颜色/调色板上下文并清理 RGB 示例。,https://modenc.renegadeprojects.com/General,RemovedFromRuntimeToBacklog
P0,RemoveOrBacklog,MoveToColorSectionOrRemoveTechnoDuplicate,DarkerPeach,Techno,auto-extracted,community-reviewed-color-token-guardrail-p0-20260603,DarkerPeach 更像颜色名称或 RGB 片段，不应作为 TechnoType 普通字段；若需要保留，应归入颜色/调色板上下文并清理 RGB 示例。,https://modenc.renegadeprojects.com/General,RemovedFromRuntimeToBacklog
P0,RemoveOrBacklog,MoveToColorSectionOrRemoveTechnoDuplicate,Darklime,Techno,auto-extracted,community-reviewed-color-token-guardrail-p0-20260603,Darklime 更像颜色名称或 RGB 片段，不应作为 TechnoType 普通字段；若需要保留，应归入颜色/调色板上下文并清理 RGB 示例。,https://modenc.renegadeprojects.com/General,RemovedFromRuntimeToBacklog
P0,RemoveOrBacklog,MoveToColorSectionOrRemoveTechnoDuplicate,Gold,Techno,auto-extracted,community-reviewed-color-token-guardrail-p0-20260603,Gold 更像颜色名称或 RGB 片段，不应作为 TechnoType 普通字段；若需要保留，应归入颜色/调色板上下文并清理 RGB 示例。,https://modenc.renegadeprojects.com/General,RemovedFromRuntimeToBacklog
P0,RemoveOrBacklog,MoveToColorSectionOrRemoveTechnoDuplicate,Grey,Global,auto-extracted,community-reviewed-color-token-guardrail-p0-20260603,Grey 更像颜色名称或 RGB 片段，不应作为 TechnoType 普通字段；若需要保留，应归入颜色/调色板上下文并清理 RGB 示例。,https://modenc.renegadeprojects.com/General,RemovedFromRuntimeToBacklog
P0,RemoveOrBacklog,MoveToColorSectionOrRemoveTechnoDuplicate,Grey,Techno,auto-extracted,community-reviewed-color-token-guardrail-p0-20260603,Grey 更像颜色名称或 RGB 片段，不应作为 TechnoType 普通字段；若需要保留，应归入颜色/调色板上下文并清理 RGB 示例。,https://modenc.renegadeprojects.com/General,RemovedFromRuntimeToBacklog
P0,RemoveOrBacklog,MoveToColorSectionOrRemoveTechnoDuplicate,HighBlue,Techno,auto-extracted,community-reviewed-color-token-guardrail-p0-20260603,HighBlue 更像颜色名称或 RGB 片段，不应作为 TechnoType 普通字段；若需要保留，应归入颜色/调色板上下文并清理 RGB 示例。,https://modenc.renegadeprojects.com/General,RemovedFromRuntimeToBacklog
P0,RemoveOrBacklog,MoveToColorSectionOrRemoveTechnoDuplicate,HighGreen,Techno,auto-extracted,community-reviewed-color-token-guardrail-p0-20260603,HighGreen 更像颜色名称或 RGB 片段，不应作为 TechnoType 普通字段；若需要保留，应归入颜色/调色板上下文并清理 RGB 示例。,https://modenc.renegadeprojects.com/General,RemovedFromRuntimeToBacklog
P0,RemoveOrBacklog,MoveToColorSectionOrRemoveTechnoDuplicate,HighRed,Techno,auto-extracted,community-reviewed-color-token-guardrail-p0-20260603,HighRed 更像颜色名称或 RGB 片段，不应作为 TechnoType 普通字段；若需要保留，应归入颜色/调色板上下文并清理 RGB 示例。,https://modenc.renegadeprojects.com/General,RemovedFromRuntimeToBacklog
P0,RemoveOrBacklog,MoveToColorSectionOrRemoveTechnoDuplicate,HyundaiPurple,Techno,auto-extracted,community-reviewed-color-token-guardrail-p0-20260603,HyundaiPurple 更像颜色名称或 RGB 片段，不应作为 TechnoType 普通字段；若需要保留，应归入颜色/调色板上下文并清理 RGB 示例。,https://modenc.renegadeprojects.com/General,RemovedFromRuntimeToBacklog
P0,RemoveOrBacklog,MoveToColorSectionOrRemoveTechnoDuplicate,LightBlue,Global,auto-extracted,community-reviewed-color-token-guardrail-p0-20260603,LightBlue 更像颜色名称或 RGB 片段，不应作为 TechnoType 普通字段；若需要保留，应归入颜色/调色板上下文并清理 RGB 示例。,https://modenc.renegadeprojects.com/General,RemovedFromRuntimeToBacklog
P0,RemoveOrBacklog,MoveToColorSectionOrRemoveTechnoDuplicate,LightBlue,Techno,auto-extracted,community-reviewed-color-token-guardrail-p0-20260603,LightBlue 更像颜色名称或 RGB 片段，不应作为 TechnoType 普通字段；若需要保留，应归入颜色/调色板上下文并清理 RGB 示例。,https://modenc.renegadeprojects.com/General,RemovedFromRuntimeToBacklog
P0,RemoveOrBacklog,MoveToColorSectionOrRemoveTechnoDuplicate,LightCyan,Techno,auto-extracted,community-reviewed-color-token-guardrail-p0-20260603,LightCyan 更像颜色名称或 RGB 片段，不应作为 TechnoType 普通字段；若需要保留，应归入颜色/调色板上下文并清理 RGB 示例。,https://modenc.renegadeprojects.com/General,RemovedFromRuntimeToBacklog
P0,RemoveOrBacklog,MoveToColorSectionOrRemoveTechnoDuplicate,LightGold,Global,auto-extracted,community-reviewed-color-token-guardrail-p0-20260603,LightGold 更像颜色名称或 RGB 片段，不应作为 TechnoType 普通字段；若需要保留，应归入颜色/调色板上下文并清理 RGB 示例。,https://modenc.renegadeprojects.com/General,RemovedFromRuntimeToBacklog
P0,RemoveOrBacklog,MoveToColorSectionOrRemoveTechnoDuplicate,LightGold,Techno,auto-extracted,community-reviewed-color-token-guardrail-p0-20260603,LightGold 更像颜色名称或 RGB 片段，不应作为 TechnoType 普通字段；若需要保留，应归入颜色/调色板上下文并清理 RGB 示例。,https://modenc.renegadeprojects.com/General,RemovedFromRuntimeToBacklog
P0,RemoveOrBacklog,MoveToColorSectionOrRemoveTechnoDuplicate,LightGreen,Techno,auto-extracted,community-reviewed-color-token-guardrail-p0-20260603,LightGreen 更像颜色名称或 RGB 片段，不应作为 TechnoType 普通字段；若需要保留，应归入颜色/调色板上下文并清理 RGB 示例。,https://modenc.renegadeprojects.com/General,RemovedFromRuntimeToBacklog
P0,RemoveOrBacklog,MoveToColorSectionOrRemoveTechnoDuplicate,LightGrey,Global,auto-extracted,community-reviewed-color-token-guardrail-p0-20260603,LightGrey 更像颜色名称或 RGB 片段，不应作为 TechnoType 普通字段；若需要保留，应归入颜色/调色板上下文并清理 RGB 示例。,https://modenc.renegadeprojects.com/General,RemovedFromRuntimeToBacklog
P0,RemoveOrBacklog,MoveToColorSectionOrRemoveTechnoDuplicate,LightGrey,Techno,auto-extracted,community-reviewed-color-token-guardrail-p0-20260603,LightGrey 更像颜色名称或 RGB 片段，不应作为 TechnoType 普通字段；若需要保留，应归入颜色/调色板上下文并清理 RGB 示例。,https://modenc.renegadeprojects.com/General,RemovedFromRuntimeToBacklog
P0,RemoveOrBacklog,MoveToColorSectionOrRemoveTechnoDuplicate,LightLime,Techno,auto-extracted,community-reviewed-color-token-guardrail-p0-20260603,LightLime 更像颜色名称或 RGB 片段，不应作为 TechnoType 普通字段；若需要保留，应归入颜色/调色板上下文并清理 RGB 示例。,https://modenc.renegadeprojects.com/General,RemovedFromRuntimeToBacklog
P0,RemoveOrBacklog,MoveToColorSectionOrRemoveTechnoDuplicate,LightMagenta,Techno,auto-extracted,community-reviewed-color-token-guardrail-p0-20260603,LightMagenta 更像颜色名称或 RGB 片段，不应作为 TechnoType 普通字段；若需要保留，应归入颜色/调色板上下文并清理 RGB 示例。,https://modenc.renegadeprojects.com/General,RemovedFromRuntimeToBacklog
P0,RemoveOrBacklog,MoveToColorSectionOrRemoveTechnoDuplicate,LightOrange,Techno,auto-extracted,community-reviewed-color-token-guardrail-p0-20260603,LightOrange 更像颜色名称或 RGB 片段，不应作为 TechnoType 普通字段；若需要保留，应归入颜色/调色板上下文并清理 RGB 示例。,https://modenc.renegadeprojects.com/General,RemovedFromRuntimeToBacklog
P0,RemoveOrBacklog,MoveToColorSectionOrRemoveTechnoDuplicate,LightPeach,Techno,auto-extracted,community-reviewed-color-token-guardrail-p0-20260603,LightPeach 更像颜色名称或 RGB 片段，不应作为 TechnoType 普通字段；若需要保留，应归入颜色/调色板上下文并清理 RGB 示例。,https://modenc.renegadeprojects.com/General,RemovedFromRuntimeToBacklog
P0,RemoveOrBacklog,MoveToColorSectionOrRemoveTechnoDuplicate,LightPurple,Techno,auto-extracted,community-reviewed-color-token-guardrail-p0-20260603,LightPurple 更像颜色名称或 RGB 片段，不应作为 TechnoType 普通字段；若需要保留，应归入颜色/调色板上下文并清理 RGB 示例。,https://modenc.renegadeprojects.com/General,RemovedFromRuntimeToBacklog
P0,RemoveOrBacklog,MoveToColorSectionOrRemoveTechnoDuplicate,LightRed,Techno,auto-extracted,community-reviewed-color-token-guardrail-p0-20260603,LightRed 更像颜色名称或 RGB 片段，不应作为 TechnoType 普通字段；若需要保留，应归入颜色/调色板上下文并清理 RGB 示例。,https://modenc.renegadeprojects.com/General,RemovedFromRuntimeToBacklog
P0,RemoveOrBacklog,MoveToColorSectionOrRemoveTechnoDuplicate,LightSize,Global,auto-extracted,community-reviewed-color-token-guardrail-p0-20260603,LightSize 更像颜色名称或 RGB 片段，不应作为 TechnoType 普通字段；若需要保留，应归入颜色/调色板上下文并清理 RGB 示例。,https://modenc.renegadeprojects.com/General,RemovedFromRuntimeToBacklog
P0,RemoveOrBacklog,MoveToColorSectionOrRemoveTechnoDuplicate,LightSky,Techno,auto-extracted,community-reviewed-color-token-guardrail-p0-20260603,LightSky 更像颜色名称或 RGB 片段，不应作为 TechnoType 普通字段；若需要保留，应归入颜色/调色板上下文并清理 RGB 示例。,https://modenc.renegadeprojects.com/General,RemovedFromRuntimeToBacklog
P0,RemoveOrBacklog,MoveToColorSectionOrRemoveTechnoDuplicate,LightTeal,Techno,auto-extracted,community-reviewed-color-token-guardrail-p0-20260603,LightTeal 更像颜色名称或 RGB 片段，不应作为 TechnoType 普通字段；若需要保留，应归入颜色/调色板上下文并清理 RGB 示例。,https://modenc.renegadeprojects.com/General,RemovedFromRuntimeToBacklog
P0,RemoveOrBacklog,MoveToColorSectionOrRemoveTechnoDuplicate,LightYellow,Techno,auto-extracted,community-reviewed-color-token-guardrail-p0-20260603,LightYellow 更像颜色名称或 RGB 片段，不应作为 TechnoType 普通字段；若需要保留，应归入颜色/调色板上下文并清理 RGB 示例。,https://modenc.renegadeprojects.com/General,RemovedFromRuntimeToBacklog
P0,RemoveOrBacklog,MoveToColorSectionOrRemoveTechnoDuplicate,Lime,Techno,auto-extracted,community-reviewed-color-token-guardrail-p0-20260603,Lime 更像颜色名称或 RGB 片段，不应作为 TechnoType 普通字段；若需要保留，应归入颜色/调色板上下文并清理 RGB 示例。,https://modenc.renegadeprojects.com/General,RemovedFromRuntimeToBacklog
P0,RemoveOrBacklog,MoveToColorSectionOrRemoveTechnoDuplicate,LowWhite,Techno,auto-extracted,community-reviewed-color-token-guardrail-p0-20260603,LowWhite 更像颜色名称或 RGB 片段，不应作为 TechnoType 普通字段；若需要保留，应归入颜色/调色板上下文并清理 RGB 示例。,https://modenc.renegadeprojects.com/General,RemovedFromRuntimeToBacklog
P0,RemoveOrBacklog,MoveToColorSectionOrRemoveTechnoDuplicate,Magenta,Global,auto-extracted,community-reviewed-color-token-guardrail-p0-20260603,Magenta 更像颜色名称或 RGB 片段，不应作为 TechnoType 普通字段；若需要保留，应归入颜色/调色板上下文并清理 RGB 示例。,https://modenc.renegadeprojects.com/General,RemovedFromRuntimeToBacklog
P0,RemoveOrBacklog,MoveToColorSectionOrRemoveTechnoDuplicate,Magenta,Techno,auto-extracted,community-reviewed-color-token-guardrail-p0-20260603,Magenta 更像颜色名称或 RGB 片段，不应作为 TechnoType 普通字段；若需要保留，应归入颜色/调色板上下文并清理 RGB 示例。,https://modenc.renegadeprojects.com/General,RemovedFromRuntimeToBacklog
P0,RemoveOrBacklog,MoveToColorSectionOrRemoveTechnoDuplicate,NeonBlue,Global,auto-extracted,community-reviewed-color-token-guardrail-p0-20260603,NeonBlue 更像颜色名称或 RGB 片段，不应作为 TechnoType 普通字段；若需要保留，应归入颜色/调色板上下文并清理 RGB 示例。,https://modenc.renegadeprojects.com/General,RemovedFromRuntimeToBacklog
P0,RemoveOrBacklog,MoveToColorSectionOrRemoveTechnoDuplicate,NeonBlue,Techno,auto-extracted,community-reviewed-color-token-guardrail-p0-20260603,NeonBlue 更像颜色名称或 RGB 片段，不应作为 TechnoType 普通字段；若需要保留，应归入颜色/调色板上下文并清理 RGB 示例。,https://modenc.renegadeprojects.com/General,RemovedFromRuntimeToBacklog
P0,RemoveOrBacklog,MoveToColorSectionOrRemoveTechnoDuplicate,NeonGreen,Global,auto-extracted,community-reviewed-color-token-guardrail-p0-20260603,NeonGreen 更像颜色名称或 RGB 片段，不应作为 TechnoType 普通字段；若需要保留，应归入颜色/调色板上下文并清理 RGB 示例。,https://modenc.renegadeprojects.com/General,RemovedFromRuntimeToBacklog
P0,RemoveOrBacklog,MoveToColorSectionOrRemoveTechnoDuplicate,NeonGreen,Techno,auto-extracted,community-reviewed-color-token-guardrail-p0-20260603,NeonGreen 更像颜色名称或 RGB 片段，不应作为 TechnoType 普通字段；若需要保留，应归入颜色/调色板上下文并清理 RGB 示例。,https://modenc.renegadeprojects.com/General,RemovedFromRuntimeToBacklog
P0,RemoveOrBacklog,MoveToColorSectionOrRemoveTechnoDuplicate,NeonYellow,Techno,auto-extracted,community-reviewed-color-token-guardrail-p0-20260603,NeonYellow 更像颜色名称或 RGB 片段，不应作为 TechnoType 普通字段；若需要保留，应归入颜色/调色板上下文并清理 RGB 示例。,https://modenc.renegadeprojects.com/General,RemovedFromRuntimeToBacklog
P0,RemoveOrBacklog,MoveToColorSectionOrRemoveTechnoDuplicate,None,Techno,auto-extracted,community-reviewed-color-token-guardrail-p0-20260603,None 更像颜色名称或 RGB 片段，不应作为 TechnoType 普通字段；若需要保留，应归入颜色/调色板上下文并清理 RGB 示例。,https://modenc.renegadeprojects.com/General,RemovedFromRuntimeToBacklog
P0,RemoveOrBacklog,MoveToColorSectionOrRemoveTechnoDuplicate,Orange,Global,auto-extracted,community-reviewed-color-token-guardrail-p0-20260603,Orange 更像颜色名称或 RGB 片段，不应作为 TechnoType 普通字段；若需要保留，应归入颜色/调色板上下文并清理 RGB 示例。,https://modenc.renegadeprojects.com/General,RemovedFromRuntimeToBacklog
P0,RemoveOrBacklog,MoveToColorSectionOrRemoveTechnoDuplicate,Orange,Techno,auto-extracted,community-reviewed-color-token-guardrail-p0-20260603,Orange 更像颜色名称或 RGB 片段，不应作为 TechnoType 普通字段；若需要保留，应归入颜色/调色板上下文并清理 RGB 示例。,https://modenc.renegadeprojects.com/General,RemovedFromRuntimeToBacklog
P0,RemoveOrBacklog,MoveToColorSectionOrRemoveTechnoDuplicate,Peach,Techno,auto-extracted,community-reviewed-color-token-guardrail-p0-20260603,Peach 更像颜色名称或 RGB 片段，不应作为 TechnoType 普通字段；若需要保留，应归入颜色/调色板上下文并清理 RGB 示例。,https://modenc.renegadeprojects.com/General,RemovedFromRuntimeToBacklog
P0,RemoveOrBacklog,MoveToColorSectionOrRemoveTechnoDuplicate,Purple,Global,auto-extracted,community-reviewed-color-token-guardrail-p0-20260603,Purple 更像颜色名称或 RGB 片段，不应作为 TechnoType 普通字段；若需要保留，应归入颜色/调色板上下文并清理 RGB 示例。,https://modenc.renegadeprojects.com/General,RemovedFromRuntimeToBacklog
P0,RemoveOrBacklog,MoveToColorSectionOrRemoveTechnoDuplicate,Purple2,Global,auto-extracted,community-reviewed-color-token-guardrail-p0-20260603,Purple2 更像颜色名称或 RGB 片段，不应作为 TechnoType 普通字段；若需要保留，应归入颜色/调色板上下文并清理 RGB 示例。,https://modenc.renegadeprojects.com/General,RemovedFromRuntimeToBacklog
P0,RemoveOrBacklog,MoveToColorSectionOrRemoveTechnoDuplicate,Red,Global,auto-extracted,community-reviewed-color-token-guardrail-p0-20260603,Red 更像颜色名称或 RGB 片段，不应作为 TechnoType 普通字段；若需要保留，应归入颜色/调色板上下文并清理 RGB 示例。,https://modenc.renegadeprojects.com/General,RemovedFromRuntimeToBacklog
P0,RemoveOrBacklog,MoveToColorSectionOrRemoveTechnoDuplicate,Red,Techno,auto-extracted,community-reviewed-color-token-guardrail-p0-20260603,Red 更像颜色名称或 RGB 片段，不应作为 TechnoType 普通字段；若需要保留，应归入颜色/调色板上下文并清理 RGB 示例。,https://modenc.renegadeprojects.com/General,RemovedFromRuntimeToBacklog
P0,RemoveOrBacklog,MoveToColorSectionOrRemoveTechnoDuplicate,Sky,Techno,auto-extracted,community-reviewed-color-token-guardrail-p0-20260603,Sky 更像颜色名称或 RGB 片段，不应作为 TechnoType 普通字段；若需要保留，应归入颜色/调色板上下文并清理 RGB 示例。,https://modenc.renegadeprojects.com/General,RemovedFromRuntimeToBacklog
P0,RemoveOrBacklog,MoveToColorSectionOrRemoveTechnoDuplicate,StrongBlue,Techno,auto-extracted,community-reviewed-color-token-guardrail-p0-20260603,StrongBlue 更像颜色名称或 RGB 片段，不应作为 TechnoType 普通字段；若需要保留，应归入颜色/调色板上下文并清理 RGB 示例。,https://modenc.renegadeprojects.com/General,RemovedFromRuntimeToBacklog
P0,RemoveOrBacklog,MoveToColorSectionOrRemoveTechnoDuplicate,StrongGreen,Techno,auto-extracted,community-reviewed-color-token-guardrail-p0-20260603,StrongGreen 更像颜色名称或 RGB 片段，不应作为 TechnoType 普通字段；若需要保留，应归入颜色/调色板上下文并清理 RGB 示例。,https://modenc.renegadeprojects.com/General,RemovedFromRuntimeToBacklog
P0,RemoveOrBacklog,MoveToColorSectionOrRemoveTechnoDuplicate,StrongRed,Techno,auto-extracted,community-reviewed-color-token-guardrail-p0-20260603,StrongRed 更像颜色名称或 RGB 片段，不应作为 TechnoType 普通字段；若需要保留，应归入颜色/调色板上下文并清理 RGB 示例。,https://modenc.renegadeprojects.com/General,RemovedFromRuntimeToBacklog
P0,RemoveOrBacklog,MoveToColorSectionOrRemoveTechnoDuplicate,Teal,Techno,auto-extracted,community-reviewed-color-token-guardrail-p0-20260603,Teal 更像颜色名称或 RGB 片段，不应作为 TechnoType 普通字段；若需要保留，应归入颜色/调色板上下文并清理 RGB 示例。,https://modenc.renegadeprojects.com/General,RemovedFromRuntimeToBacklog
P0,RemoveOrBacklog,MoveToColorSectionOrRemoveTechnoDuplicate,White,Techno,auto-extracted,community-reviewed-color-token-guardrail-p0-20260603,White 更像颜色名称或 RGB 片段，不应作为 TechnoType 普通字段；若需要保留，应归入颜色/调色板上下文并清理 RGB 示例。,https://modenc.renegadeprojects.com/General,RemovedFromRuntimeToBacklog
P0,RemoveOrBacklog,RemoveFromRuntime,AI114514,AI,auto-extracted,removed-noise-p0-20260603,旧教程示例或噪声文本，不是可稳定识别的 RA2/YR 字段；不建议作为 BuiltIn 字段保留。,https://modenc.renegadeprojects.com/AI,RemovedFromRuntimeToBacklog
P0,RemoveOrBacklog,MoveToNonExistentGuardrailOrRemove,BalloonHoverAcceleration,Global,auto-extracted,source-verified-non-existent-guardrail-p0-20260603,BalloonHoverAcceleration 属于历史/开发阶段 BalloonHover 后缀字段；资料列为 non-existent 或未实现，不应作为普通 Global canonical 字段。,https://modenc.renegadeprojects.com/Non-Existent_Flags,RemovedFromRuntimeToBacklog
P0,RemoveOrBacklog,MoveToNonExistentGuardrailOrRemove,BalloonHoverBob,Global,auto-extracted,source-verified-non-existent-guardrail-p0-20260603,BalloonHoverBob 属于历史/开发阶段 BalloonHover 后缀字段；资料列为 non-existent 或未实现，不应作为普通 Global canonical 字段。,https://modenc.renegadeprojects.com/Non-Existent_Flags,RemovedFromRuntimeToBacklog
P0,RemoveOrBacklog,MoveToNonExistentGuardrailOrRemove,BalloonHoverBoost,Global,auto-extracted,source-verified-non-existent-guardrail-p0-20260603,BalloonHoverBoost 属于历史/开发阶段 BalloonHover 后缀字段；资料列为 non-existent 或未实现，不应作为普通 Global canonical 字段。,https://modenc.renegadeprojects.com/Non-Existent_Flags,RemovedFromRuntimeToBacklog
P0,RemoveOrBacklog,MoveToNonExistentGuardrailOrRemove,BalloonHoverBrake,Global,auto-extracted,source-verified-non-existent-guardrail-p0-20260603,BalloonHoverBrake 属于历史/开发阶段 BalloonHover 后缀字段；资料列为 non-existent 或未实现，不应作为普通 Global canonical 字段。,https://modenc.renegadeprojects.com/Non-Existent_Flags,RemovedFromRuntimeToBacklog
P0,RemoveOrBacklog,MoveToNonExistentGuardrailOrRemove,BalloonHoverHeight,Global,auto-extracted,source-verified-non-existent-guardrail-p0-20260603,BalloonHoverHeight 属于历史/开发阶段 BalloonHover 后缀字段；资料列为 non-existent 或未实现，不应作为普通 Global canonical 字段。,https://modenc.renegadeprojects.com/Non-Existent_Flags,RemovedFromRuntimeToBacklog
P0,RemoveOrBacklog,MoveToObsoleteGuardrailOrRemove,DamageToFirestormDamageCoefficient,Global,auto-extracted,community-reviewed-firestorm-leftover-guardrail-p0-20260603,DamageToFirestormDamageCoefficient 带 Firestorm/TS 遗留语义；RA2/YR 中不应作为普通 Global canonical，建议 obsolete guardrail 或移除。,https://modenc.renegadeprojects.com/General,RemovedFromRuntimeToBacklog
P0,RemoveOrBacklog,MoveToObsoleteGuardrailOrRemove,FireSupress,Global,auto-extracted,community-reviewed-firestorm-leftover-guardrail-p0-20260603,FireSupress 带 Firestorm/TS 遗留语义；RA2/YR 中不应作为普通 Global canonical，建议 obsolete guardrail 或移除。,https://modenc.renegadeprojects.com/General,RemovedFromRuntimeToBacklog
P0,RemoveOrBacklog,MoveToObsoleteGuardrailOrRemove,IceCrackingWeight,Global,auto-extracted,community-reviewed-ts-leftover-guardrail-p0-20260603,IceCrackingWeight 更像 TS/Tiberium/Vein/Ice 遗留字段；如果 RA2/YR 没有稳定用途，应移除或保留为 obsolete guardrail。,https://modenc.renegadeprojects.com/General,RemovedFromRuntimeToBacklog
P0,RemoveOrBacklog,MoveToObsoleteGuardrailOrRemove,IceGrowthRate,Global,auto-extracted,community-reviewed-ts-leftover-guardrail-p0-20260603,IceGrowthRate 更像 TS/Tiberium/Vein/Ice 遗留字段；如果 RA2/YR 没有稳定用途，应移除或保留为 obsolete guardrail。,https://modenc.renegadeprojects.com/General,RemovedFromRuntimeToBacklog
P0,RemoveOrBacklog,MoveToObsoleteGuardrailOrRemove,IceSolidifyFrameTime,Global,auto-extracted,community-reviewed-ts-leftover-guardrail-p0-20260603,IceSolidifyFrameTime 更像 TS/Tiberium/Vein/Ice 遗留字段；如果 RA2/YR 没有稳定用途，应移除或保留为 obsolete guardrail。,https://modenc.renegadeprojects.com/General,RemovedFromRuntimeToBacklog
P0,RemoveOrBacklog,MoveToObsoleteGuardrailOrRemove,MaxVeinholeGrowth,Global,auto-extracted,community-reviewed-ts-leftover-guardrail-p0-20260603,MaxVeinholeGrowth 更像 TS/Tiberium/Vein/Ice 遗留字段；如果 RA2/YR 没有稳定用途，应移除或保留为 obsolete guardrail。,https://modenc.renegadeprojects.com/General,RemovedFromRuntimeToBacklog
P0,RemoveOrBacklog,MoveToObsoleteGuardrailOrRemove,TiberiumExplosionDamage,Global,auto-extracted,community-reviewed-ts-leftover-guardrail-p0-20260603,TiberiumExplosionDamage 更像 TS/Tiberium/Vein/Ice 遗留字段；如果 RA2/YR 没有稳定用途，应移除或保留为 obsolete guardrail。,https://modenc.renegadeprojects.com/General,RemovedFromRuntimeToBacklog
P0,RemoveOrBacklog,MoveToObsoleteGuardrailOrRemove,TiberiumLongScan,Global,auto-extracted,community-reviewed-ts-leftover-guardrail-p0-20260603,TiberiumLongScan 更像 TS/Tiberium/Vein/Ice 遗留字段；如果 RA2/YR 没有稳定用途，应移除或保留为 obsolete guardrail。,https://modenc.renegadeprojects.com/General,RemovedFromRuntimeToBacklog
P0,RemoveOrBacklog,MoveToObsoleteGuardrailOrRemove,TiberiumStrength,Global,auto-extracted,community-reviewed-ts-leftover-guardrail-p0-20260603,TiberiumStrength 更像 TS/Tiberium/Vein/Ice 遗留字段；如果 RA2/YR 没有稳定用途，应移除或保留为 obsolete guardrail。,https://modenc.renegadeprojects.com/General,RemovedFromRuntimeToBacklog
P0,RemoveOrBacklog,MoveToObsoleteGuardrailOrRemove,TiberiumTransmogrify,Global,auto-extracted,community-reviewed-ts-leftover-guardrail-p0-20260603,TiberiumTransmogrify 更像 TS/Tiberium/Vein/Ice 遗留字段；如果 RA2/YR 没有稳定用途，应移除或保留为 obsolete guardrail。,https://modenc.renegadeprojects.com/General,RemovedFromRuntimeToBacklog
P0,RemoveOrBacklog,MoveToObsoleteGuardrailOrRemove,VeinDamage,Global,auto-extracted,community-reviewed-ts-leftover-guardrail-p0-20260603,VeinDamage 更像 TS/Tiberium/Vein/Ice 遗留字段；如果 RA2/YR 没有稳定用途，应移除或保留为 obsolete guardrail。,https://modenc.renegadeprojects.com/General,RemovedFromRuntimeToBacklog
P0,RemoveOrBacklog,MoveToObsoleteGuardrailOrRemove,VeinholeGrowthRate,Global,auto-extracted,community-reviewed-ts-leftover-guardrail-p0-20260603,VeinholeGrowthRate 更像 TS/Tiberium/Vein/Ice 遗留字段；如果 RA2/YR 没有稳定用途，应移除或保留为 obsolete guardrail。,https://modenc.renegadeprojects.com/General,RemovedFromRuntimeToBacklog
P0,RemoveOrBacklog,MoveToObsoleteGuardrailOrRemove,VeinholeShrinkRate,Global,auto-extracted,community-reviewed-ts-leftover-guardrail-p0-20260603,VeinholeShrinkRate 更像 TS/Tiberium/Vein/Ice 遗留字段；如果 RA2/YR 没有稳定用途，应移除或保留为 obsolete guardrail。,https://modenc.renegadeprojects.com/General,RemovedFromRuntimeToBacklog
P1,RemoveOrBacklog,RemoveFromRuntimeOrBacklog,AI6666,AI,auto-extracted,source-insufficient-backlog-p1-20260603,未找到稳定公开来源支撑，当前说明只有“示例值为 no”；建议移出 BuiltIn runtime，避免伪权威。,https://modenc.renegadeprojects.com/AI,RemovedFromRuntimeToBacklog
P1,RemoveOrBacklog,MoveToColorPaletteGuardrailOrBacklog,BrightWhite,Techno,auto-extracted,source-insufficient-color-fragment-p1-20260603,颜色/RGB/bitmask 片段，当前 appliesTo=Techno 不可信；建议移入颜色/调色板专门 backlog，避免污染 Techno 字段。,https://modenc.renegadeprojects.com/BrightWhite,RemovedFromRuntimeToBacklog
P1,RemoveOrBacklog,MoveToPowerupsContextOrRemove,Cloak,Global,auto-extracted,community-reviewed-legacy-powerups-guardrail-p1-20260603,"该字段当前描述混入类似 Powerups/特殊动作列表的 key,value,yes 三元组，不应作为普通 [General] 字段直接展示；建议移入正确 section 或从 runtime 移除。",https://modenc.renegadeprojects.com/General,RemovedFromRuntimeToBacklog
P1,RemoveOrBacklog,MoveToPowerupsContextOrRemove,Darkness,Global,auto-extracted,community-reviewed-legacy-powerups-guardrail-p1-20260603,"该字段当前描述混入类似 Powerups/特殊动作列表的 key,value,yes 三元组，不应作为普通 [General] 字段直接展示；建议移入正确 section 或从 runtime 移除。",https://modenc.renegadeprojects.com/General,RemovedFromRuntimeToBacklog
P1,RemoveOrBacklog,MoveToPowerupsContextOrRemove,HealBase,Global,auto-extracted,community-reviewed-legacy-powerups-guardrail-p1-20260603,"该字段当前描述混入类似 Powerups/特殊动作列表的 key,value,yes 三元组，不应作为普通 [General] 字段直接展示；建议移入正确 section 或从 runtime 移除。",https://modenc.renegadeprojects.com/General,RemovedFromRuntimeToBacklog
P1,RemoveOrBacklog,MoveToColorPaletteGuardrailOrBacklog,HighWhite,Techno,auto-extracted,source-insufficient-color-fragment-p1-20260603,颜色/RGB/bitmask 片段，当前 appliesTo=Techno 不可信；建议移入颜色/调色板专门 backlog，避免污染 Techno 字段。,https://modenc.renegadeprojects.com/HighWhite,RemovedFromRuntimeToBacklog
P1,RemoveOrBacklog,MoveToColorPaletteGuardrailOrBacklog,HighYellow,Techno,auto-extracted,source-insufficient-color-fragment-p1-20260603,颜色/RGB/bitmask 片段，当前 appliesTo=Techno 不可信；建议移入颜色/调色板专门 backlog，避免污染 Techno 字段。,https://modenc.renegadeprojects.com/HighYellow,RemovedFromRuntimeToBacklog
P1,RemoveOrBacklog,MoveToPowerupsContextOrRemove,ICBM,Global,auto-extracted,community-reviewed-legacy-powerups-guardrail-p1-20260603,"该字段当前描述混入类似 Powerups/特殊动作列表的 key,value,yes 三元组，不应作为普通 [General] 字段直接展示；建议移入正确 section 或从 runtime 移除。",https://modenc.renegadeprojects.com/General,RemovedFromRuntimeToBacklog
P1,RemoveOrBacklog,MoveToColorPaletteGuardrailOrBacklog,MidWhite,Techno,auto-extracted,source-insufficient-color-fragment-p1-20260603,颜色/RGB/bitmask 片段，当前 appliesTo=Techno 不可信；建议移入颜色/调色板专门 backlog，避免污染 Techno 字段。,https://modenc.renegadeprojects.com/MidWhite,RemovedFromRuntimeToBacklog
P1,RemoveOrBacklog,MoveToColorPaletteGuardrailOrBacklog,Purple,Techno,auto-extracted,source-insufficient-color-fragment-p1-20260603,颜色/RGB/bitmask 片段，当前 appliesTo=Techno 不可信；建议移入颜色/调色板专门 backlog，避免污染 Techno 字段。,https://modenc.renegadeprojects.com/Purple,RemovedFromRuntimeToBacklog
P1,RemoveOrBacklog,MoveToPowerupsContextOrRemove,Reveal,Global,auto-extracted,community-reviewed-legacy-powerups-guardrail-p1-20260603,"该字段当前描述混入类似 Powerups/特殊动作列表的 key,value,yes 三元组，不应作为普通 [General] 字段直接展示；建议移入正确 section 或从 runtime 移除。",https://modenc.renegadeprojects.com/General,RemovedFromRuntimeToBacklog
P1,RemoveOrBacklog,MoveToPowerupsContextOrRemove,Squad,Global,auto-extracted,community-reviewed-legacy-powerups-guardrail-p1-20260603,"该字段当前描述混入类似 Powerups/特殊动作列表的 key,value,yes 三元组，不应作为普通 [General] 字段直接展示；建议移入正确 section 或从 runtime 移除。",https://modenc.renegadeprojects.com/General,RemovedFromRuntimeToBacklog
P1,RemoveOrBacklog,FixDescriptionOrBacklogIfNoSource,AICaptureLowMoney,Global,auto-extracted,community-reviewed-p1-needs-source-20260603,未归入明确字段族；建议二次查源，若无来源则不晋级，只做 guardrail 或 backlog。,https://modenc.renegadeprojects.com/General,RemovedFromRuntimeToBacklog
P1,RemoveOrBacklog,FixDescriptionOrBacklogIfNoSource,AIPlayers,Global,auto-extracted,community-reviewed-p1-needs-source-20260603,未归入明确字段族；建议二次查源，若无来源则不晋级，只做 guardrail 或 backlog。,https://modenc.renegadeprojects.com/General,RemovedFromRuntimeToBacklog
P1,RemoveOrBacklog,FixDescriptionOrBacklogIfNoSource,AIRestrictReplaceTime,Global,auto-extracted,community-reviewed-p1-needs-source-20260603,未归入明确字段族；建议二次查源，若无来源则不晋级，只做 guardrail 或 backlog。,https://modenc.renegadeprojects.com/General,RemovedFromRuntimeToBacklog
P1,RemoveOrBacklog,FixDescriptionOrBacklogIfNoSource,AllowShroudedSubteranneanMoves,Global,auto-extracted,community-reviewed-p1-needs-source-20260603,未归入明确字段族；建议二次查源，若无来源则不晋级，只做 guardrail 或 backlog。,https://modenc.renegadeprojects.com/General,RemovedFromRuntimeToBacklog
P1,RemoveOrBacklog,FixDescriptionOrBacklogIfNoSource,AnimToInfantry,Global,auto-extracted,community-reviewed-p1-needs-source-20260603,未归入明确字段族；建议二次查源，若无来源则不晋级，只做 guardrail 或 backlog。,https://modenc.renegadeprojects.com/General,RemovedFromRuntimeToBacklog
P1,RemoveOrBacklog,FixDescriptionOrBacklogIfNoSource,AttackCursorOnDisguise,Global,auto-extracted,community-reviewed-p1-needs-source-20260603,未归入明确字段族；建议二次查源，若无来源则不晋级，只做 guardrail 或 backlog。,https://modenc.renegadeprojects.com/General,RemovedFromRuntimeToBacklog
P1,RemoveOrBacklog,FixDescriptionOrBacklogIfNoSource,BarrelParticle,Global,auto-extracted,community-reviewed-p1-needs-source-20260603,未归入明确字段族；建议二次查源，若无来源则不晋级，只做 guardrail 或 backlog。,https://modenc.renegadeprojects.com/General,RemovedFromRuntimeToBacklog
P1,RemoveOrBacklog,FixDescriptionOrBacklogIfNoSource,ChronoDistanceFactor,Global,auto-extracted,community-reviewed-p1-needs-source-20260603,未归入明确字段族；建议二次查源，若无来源则不晋级，只做 guardrail 或 backlog。,https://modenc.renegadeprojects.com/General,RemovedFromRuntimeToBacklog
P1,RemoveOrBacklog,FixDescriptionOrBacklogIfNoSource,CurrentStrengthDamage,Global,auto-extracted,community-reviewed-p1-needs-source-20260603,未归入明确字段族；建议二次查源，若无来源则不晋级，只做 guardrail 或 backlog。,https://modenc.renegadeprojects.com/General,RemovedFromRuntimeToBacklog
P1,RemoveOrBacklog,FixDescriptionOrBacklogIfNoSource,DamageFireTypes,Global,auto-extracted,community-reviewed-p1-needs-source-20260603,未归入明确字段族；建议二次查源，若无来源则不晋级，只做 guardrail 或 backlog。,https://modenc.renegadeprojects.com/General,RemovedFromRuntimeToBacklog
P1,RemoveOrBacklog,FixDescriptionOrBacklogIfNoSource,Deacc,Global,auto-extracted,community-reviewed-p1-needs-source-20260603,未归入明确字段族；建议二次查源，若无来源则不晋级，只做 guardrail 或 backlog。,https://modenc.renegadeprojects.com/General,RemovedFromRuntimeToBacklog
P1,RemoveOrBacklog,FixDescriptionOrBacklogIfNoSource,DefaultMirageDisguises,Global,auto-extracted,community-reviewed-p1-needs-source-20260603,未归入明确字段族；建议二次查源，若无来源则不晋级，只做 guardrail 或 backlog。,https://modenc.renegadeprojects.com/General,RemovedFromRuntimeToBacklog
P1,RemoveOrBacklog,FixDescriptionOrBacklogIfNoSource,DeleteOnStateLimit,Global,auto-extracted,community-reviewed-p1-needs-source-20260603,未归入明确字段族；建议二次查源，若无来源则不晋级，只做 guardrail 或 backlog。,https://modenc.renegadeprojects.com/General,RemovedFromRuntimeToBacklog
P1,RemoveOrBacklog,FixDescriptionOrBacklogIfNoSource,DominatorFirstAnim,Global,auto-extracted,community-reviewed-p1-needs-source-20260603,未归入明确字段族；建议二次查源，若无来源则不晋级，只做 guardrail 或 backlog。,https://modenc.renegadeprojects.com/General,RemovedFromRuntimeToBacklog
P1,RemoveOrBacklog,FixDescriptionOrBacklogIfNoSource,DominatorSecondAnim,Global,auto-extracted,community-reviewed-p1-needs-source-20260603,未归入明确字段族；建议二次查源，若无来源则不晋级，只做 guardrail 或 backlog。,https://modenc.renegadeprojects.com/General,RemovedFromRuntimeToBacklog
P1,RemoveOrBacklog,FixDescriptionOrBacklogIfNoSource,DrainMoneyFrameDelay,Global,auto-extracted,community-reviewed-p1-needs-source-20260603,未归入明确字段族；建议二次查源，若无来源则不晋级，只做 guardrail 或 backlog。,https://modenc.renegadeprojects.com/General,RemovedFromRuntimeToBacklog
P1,RemoveOrBacklog,FixDescriptionOrBacklogIfNoSource,EMPulseSparkles,Global,auto-extracted,community-reviewed-p1-needs-source-20260603,未归入明确字段族；建议二次查源，若无来源则不晋级，只做 guardrail 或 backlog。,https://modenc.renegadeprojects.com/General,RemovedFromRuntimeToBacklog
P1,RemoveOrBacklog,FixDescriptionOrBacklogIfNoSource,HoverDampen,Global,auto-extracted,community-reviewed-p1-needs-source-20260603,未归入明确字段族；建议二次查源，若无来源则不晋级，只做 guardrail 或 backlog。,https://modenc.renegadeprojects.com/General,RemovedFromRuntimeToBacklog
P1,RemoveOrBacklog,FixDescriptionOrBacklogIfNoSource,Incoming,Global,auto-extracted,community-reviewed-p1-needs-source-20260603,未归入明确字段族；建议二次查源，若无来源则不晋级，只做 guardrail 或 backlog。,https://modenc.renegadeprojects.com/General,RemovedFromRuntimeToBacklog
P1,RemoveOrBacklog,FixDescriptionOrBacklogIfNoSource,InfantryExplode,Global,auto-extracted,community-reviewed-p1-needs-source-20260603,未归入明确字段族；建议二次查源，若无来源则不晋级，只做 guardrail 或 backlog。,https://modenc.renegadeprojects.com/General,RemovedFromRuntimeToBacklog
P1,RemoveOrBacklog,FixDescriptionOrBacklogIfNoSource,Lifetime,Global,auto-extracted,community-reviewed-p1-needs-source-20260603,未归入明确字段族；建议二次查源，若无来源则不晋级，只做 guardrail 或 backlog。,https://modenc.renegadeprojects.com/General,RemovedFromRuntimeToBacklog
P1,RemoveOrBacklog,FixDescriptionOrBacklogIfNoSource,MovementPerturbationCoefficient,Global,auto-extracted,community-reviewed-p1-needs-source-20260603,未归入明确字段族；建议二次查源，若无来源则不晋级，只做 guardrail 或 backlog。,https://modenc.renegadeprojects.com/General,RemovedFromRuntimeToBacklog
P1,RemoveOrBacklog,FixDescriptionOrBacklogIfNoSource,NumParticles,Global,auto-extracted,community-reviewed-p1-needs-source-20260603,未归入明确字段族；建议二次查源，若无来源则不晋级，只做 guardrail 或 backlog。,https://modenc.renegadeprojects.com/General,RemovedFromRuntimeToBacklog
P1,RemoveOrBacklog,FixDescriptionOrBacklogIfNoSource,PadAircraft,Global,auto-extracted,community-reviewed-p1-needs-source-20260603,未归入明确字段族；建议二次查源，若无来源则不晋级，只做 guardrail 或 backlog。,https://modenc.renegadeprojects.com/General,RemovedFromRuntimeToBacklog
P1,RemoveOrBacklog,FixDescriptionOrBacklogIfNoSource,ParticlesPerCoord,Global,auto-extracted,community-reviewed-p1-needs-source-20260603,未归入明确字段族；建议二次查源，若无来源则不晋级，只做 guardrail 或 backlog。,https://modenc.renegadeprojects.com/General,RemovedFromRuntimeToBacklog
P1,RemoveOrBacklog,FixDescriptionOrBacklogIfNoSource,PositionPerturbationCoefficient,Global,auto-extracted,community-reviewed-p1-needs-source-20260603,未归入明确字段族；建议二次查源，若无来源则不晋级，只做 guardrail 或 backlog。,https://modenc.renegadeprojects.com/General,RemovedFromRuntimeToBacklog
P1,RemoveOrBacklog,FixDescriptionOrBacklogIfNoSource,RadDurationMultiple,Global,auto-extracted,community-reviewed-p1-needs-source-20260603,未归入明确字段族；建议二次查源，若无来源则不晋级，只做 guardrail 或 backlog。,https://modenc.renegadeprojects.com/General,RemovedFromRuntimeToBacklog
P1,RemoveOrBacklog,FixDescriptionOrBacklogIfNoSource,RadLevelMax,Global,auto-extracted,community-reviewed-p1-needs-source-20260603,未归入明确字段族；建议二次查源，若无来源则不晋级，只做 guardrail 或 backlog。,https://modenc.renegadeprojects.com/General,RemovedFromRuntimeToBacklog
P1,RemoveOrBacklog,FixDescriptionOrBacklogIfNoSource,RadarEventSuppressionDistances,Global,auto-extracted,community-reviewed-p1-needs-source-20260603,未归入明确字段族；建议二次查源，若无来源则不晋级，只做 guardrail 或 backlog。,https://modenc.renegadeprojects.com/General,RemovedFromRuntimeToBacklog
P1,RemoveOrBacklog,FixDescriptionOrBacklogIfNoSource,Scorches,Global,auto-extracted,community-reviewed-p1-needs-source-20260603,未归入明确字段族；建议二次查源，若无来源则不晋级，只做 guardrail 或 backlog。,https://modenc.renegadeprojects.com/General,RemovedFromRuntimeToBacklog
P1,RemoveOrBacklog,FixDescriptionOrBacklogIfNoSource,SpiralDeltaPerCoord,Global,auto-extracted,community-reviewed-p1-needs-source-20260603,未归入明确字段族；建议二次查源，若无来源则不晋级，只做 guardrail 或 backlog。,https://modenc.renegadeprojects.com/General,RemovedFromRuntimeToBacklog
P1,RemoveOrBacklog,FixDescriptionOrBacklogIfNoSource,UpgradeEliteSound,Global,auto-extracted,community-reviewed-p1-needs-source-20260603,未归入明确字段族；建议二次查源，若无来源则不晋级，只做 guardrail 或 backlog。,https://modenc.renegadeprojects.com/General,RemovedFromRuntimeToBacklog
P1,RemoveOrBacklog,FixDescriptionOrBacklogIfNoSource,UpgradeVeteranSound,Global,auto-extracted,community-reviewed-p1-needs-source-20260603,未归入明确字段族；建议二次查源，若无来源则不晋级，只做 guardrail 或 backlog。,https://modenc.renegadeprojects.com/General,RemovedFromRuntimeToBacklog
P1,RemoveOrBacklog,FixDescriptionOrBacklogIfNoSource,V3RocketLazyCurve,Global,auto-extracted,community-reviewed-p1-needs-source-20260603,未归入明确字段族；建议二次查源，若无来源则不晋级，只做 guardrail 或 backlog。,https://modenc.renegadeprojects.com/General,RemovedFromRuntimeToBacklog
P1,RemoveOrBacklog,FixDescriptionOrBacklogIfNoSource,Velocity,Global,auto-extracted,community-reviewed-p1-needs-source-20260603,未归入明确字段族；建议二次查源，若无来源则不晋级，只做 guardrail 或 backlog。,https://modenc.renegadeprojects.com/General,RemovedFromRuntimeToBacklog
P1,RemoveOrBacklog,FixDescriptionOrBacklogIfNoSource,VelocityPerturbationCoefficient,Global,auto-extracted,community-reviewed-p1-needs-source-20260603,未归入明确字段族；建议二次查源，若无来源则不晋级，只做 guardrail 或 backlog。,https://modenc.renegadeprojects.com/General,RemovedFromRuntimeToBacklog
P2,RemoveOrBacklog,BacklogOrRewrite_AutoExtracted,AlliedWallTransparency,Global,auto-extracted,auto-extracted,"对同盟国来说 墙是不是可以穿过(就是穿墙打敌人,而敌人必须打墙)",,RemovedFromRuntimeToBacklog
P2,RemoveOrBacklog,BacklogOrRewrite_AutoExtracted,BarrelDebris,Global,auto-extracted,auto-extracted,"GASTANK,PIECE 爆炸碎片",,RemovedFromRuntimeToBacklog
P2,RemoveOrBacklog,BacklogOrRewrite_AutoExtracted,BaseUnit,Global,auto-extracted,auto-extracted,"AMCV,SMCV,PCV 定义基地车",,RemovedFromRuntimeToBacklog
P2,RemoveOrBacklog,BacklogOrRewrite_AutoExtracted,BlendedFog,Global,auto-extracted,auto-extracted,yes ra2无效代码,,RemovedFromRuntimeToBacklog
P2,RemoveOrBacklog,BacklogOrRewrite_AutoExtracted,ChronoTrigger,Global,auto-extracted,auto-extracted,是否让僵直时间和距离相关，是的话，距离越长僵直越久，否则的话将始终是个恒量,,RemovedFromRuntimeToBacklog
P2,RemoveOrBacklog,BacklogOrRewrite_AutoExtracted,Craters,Global,auto-extracted,auto-extracted,"CR1,CR2,CR3,CR4,CR5,CR6 弹坑类型",,RemovedFromRuntimeToBacklog
P2,RemoveOrBacklog,BacklogOrRewrite_AutoExtracted,CreditTicks,Global,auto-extracted,auto-extracted,"CreditUp,CreditDown 扳手的声音",,RemovedFromRuntimeToBacklog
P2,RemoveOrBacklog,BacklogOrRewrite_AutoExtracted,DeadBodies,Global,auto-extracted,auto-extracted,"DEATH_A,DEATH_B,DEATH_C,DEATH_D,DEATH_E,DEATH_F 步兵碎片动画",,RemovedFromRuntimeToBacklog
P2,RemoveOrBacklog,BacklogOrRewrite_AutoExtracted,DropPod,Global,auto-extracted,auto-extracted,"DROPPOD,DROPPOD2 单位落地图象",,RemovedFromRuntimeToBacklog
P2,RemoveOrBacklog,BacklogOrRewrite_AutoExtracted,ExplosiveVoxelDebris,Global,auto-extracted,auto-extracted,"GASTANK,PIECE 爆炸的VXL名称",,RemovedFromRuntimeToBacklog
P2,RemoveOrBacklog,BacklogOrRewrite_AutoExtracted,FreeMCV,Global,auto-extracted,auto-extracted,"能随机产生基地车 [Powerups] 控制箱子内容的相关参数 分别控制 权重,动画,是否在水上出现,相关数值（比如钱数、属性提升倍数）",https://phobos.readthedocs.io/en/latest/_sources/Fixed-or-Improved-Logics.md.txt,RemovedFromRuntimeToBacklog
P2,RemoveOrBacklog,BacklogOrRewrite_AutoExtracted,GDI,Global,auto-extracted,auto-extracted,"British,French,Germans,Americans,Alliance GDI阵营国家注册",,RemovedFromRuntimeToBacklog
P2,RemoveOrBacklog,BacklogOrRewrite_AutoExtracted,HarvesterUnit,Global,auto-extracted,auto-extracted,"HARV,CMIN 定义矿车",,RemovedFromRuntimeToBacklog
P2,RemoveOrBacklog,BacklogOrRewrite_AutoExtracted,LaserInnerColor,Weapon,auto-extracted,auto-extracted,"激光中部颜色格式为R,G,B",,RemovedFromRuntimeToBacklog
P2,RemoveOrBacklog,BacklogOrRewrite_AutoExtracted,LaserOuterColor,Weapon,auto-extracted,auto-extracted,"激光外部颜色格式为R,G,B",,RemovedFromRuntimeToBacklog
P2,RemoveOrBacklog,BacklogOrRewrite_AutoExtracted,MultiEngineer,Global,auto-extracted,auto-extracted,no RA1一样多工程师,,RemovedFromRuntimeToBacklog
P2,RemoveOrBacklog,BacklogOrRewrite_AutoExtracted,Nod,Global,auto-extracted,auto-extracted,"Russians,Africans,Confederation,Arabs NOD阵营国家注册",,RemovedFromRuntimeToBacklog
P2,RemoveOrBacklog,BacklogOrRewrite_AutoExtracted,OneFrameLight,Global,auto-extracted,auto-extracted,是否产生闪光 轨道炮粒子系统(特征为 在发射者和目标之间的连线上立刻产生一列螺旋分布的粒子) [XXXWeapon] …,,RemovedFromRuntimeToBacklog
P2,RemoveOrBacklog,BacklogOrRewrite_AutoExtracted,PrerequisiteBarracks,Global,auto-extracted,auto-extracted,"NAHAND,GAPILE,YABRCK 注册兵营",,RemovedFromRuntimeToBacklog
P2,RemoveOrBacklog,BacklogOrRewrite_AutoExtracted,PrerequisiteFactory,Global,auto-extracted,auto-extracted,"GAWEAP,NAWEAP,YAWEAP 注册战车工厂",,RemovedFromRuntimeToBacklog
P2,RemoveOrBacklog,BacklogOrRewrite_AutoExtracted,PrerequisitePower,Global,auto-extracted,auto-extracted,"GAPOWR,NAPOWR,NANRCT,YAPOWR 注册电场",,RemovedFromRuntimeToBacklog
P2,RemoveOrBacklog,BacklogOrRewrite_AutoExtracted,PrerequisiteProc,Global,auto-extracted,auto-extracted,"GAREFN,NAREFN,YAREFN 注册矿山",,RemovedFromRuntimeToBacklog
P2,RemoveOrBacklog,BacklogOrRewrite_AutoExtracted,PrerequisiteRadar,Global,auto-extracted,auto-extracted,"GAAIRC,NARADR,AMRADR,NAPSIS 注册雷达",,RemovedFromRuntimeToBacklog
P2,RemoveOrBacklog,BacklogOrRewrite_AutoExtracted,PrerequisiteTech,Global,auto-extracted,auto-extracted,"GATECH,NATECH,YATECH 注册高科",,RemovedFromRuntimeToBacklog
P2,RemoveOrBacklog,BacklogOrRewrite_AutoExtracted,Psychadelic,Techno,auto-extracted,auto-extracted,设为 yes 时,,RemovedFromRuntimeToBacklog
P2,RemoveOrBacklog,BacklogOrRewrite_AutoExtracted,RepairBay,Global,auto-extracted,auto-extracted,"GADEPT,NADEPT,CAOUTP 定义修理厂",,RemovedFromRuntimeToBacklog
P2,RemoveOrBacklog,BacklogOrRewrite_AutoExtracted,SeparateAircraft,Global,auto-extracted,auto-extracted,yes TS残留语句 如果被设置为no 则所有带HoverPad=yes的建筑会自动生成PadAircraft=的第一个单位,,RemovedFromRuntimeToBacklog
P2,RemoveOrBacklog,BacklogOrRewrite_AutoExtracted,Shipyard,Global,auto-extracted,auto-extracted,"GAYARD,NAYARD,YAYARD 定义船厂",,RemovedFromRuntimeToBacklog
P2,RemoveOrBacklog,BacklogOrRewrite_AutoExtracted,Surface,ArtObject,auto-extracted,auto-extracted,用作抛射体的动画,,RemovedFromRuntimeToBacklog
P2,RemoveOrBacklog,BacklogOrRewrite_AutoExtracted,WeatherConBolts,Global,auto-extracted,auto-extracted,"WCLBOLT1,WCLBOLT2,WCLBOLT3 闪电风暴闪电的动画",,RemovedFromRuntimeToBacklog
P2,RemoveOrBacklog,BacklogOrRewrite_AutoExtracted,WeatherConClouds,Global,auto-extracted,auto-extracted,"WCCLOUD1,WCCLOUD2,WCCLOUD3 闪电风暴云的动画",,RemovedFromRuntimeToBacklog
P1,RemoveOrBacklog,FixDescriptionOrBacklogIfNoSource,BuildSpeed,Global,manual-curated-yr-v3,community-reviewed-p1-needs-source-20260603,未归入明确字段族；建议二次查源，若无来源则不晋级，只做 guardrail 或 backlog。,https://modenc.renegadeprojects.com/General,SafetyKeptManualOrVerified
P1,RemoveOrBacklog,KeepAsInferredFallbackOrBacklog,DefaultLS640BkgdName,Global,community-reference-inferred-phobos-20260603,name-inferred-ui-fallback-p1-20260603,加载界面相关 UI 坐标/背景字段，缺少逐条官方来源；可保留为低权重 inferred fallback，但不要晋级 source-verified。,Docs/FieldRegistryInferredBacklogRecovery_2026-06-03.md,SafetyKeptAsInferredFallback
P1,RemoveOrBacklog,KeepAsInferredFallbackOrBacklog,DefaultLS640BriefLocX,Global,community-reference-inferred-phobos-20260603,name-inferred-ui-fallback-p1-20260603,加载界面相关 UI 坐标/背景字段，缺少逐条官方来源；可保留为低权重 inferred fallback，但不要晋级 source-verified。,Docs/FieldRegistryInferredBacklogRecovery_2026-06-03.md,SafetyKeptAsInferredFallback
P1,RemoveOrBacklog,KeepAsInferredFallbackOrBacklog,DefaultLS640BriefLocY,Global,community-reference-inferred-phobos-20260603,name-inferred-ui-fallback-p1-20260603,加载界面相关 UI 坐标/背景字段，缺少逐条官方来源；可保留为低权重 inferred fallback，但不要晋级 source-verified。,Docs/FieldRegistryInferredBacklogRecovery_2026-06-03.md,SafetyKeptAsInferredFallback
P1,RemoveOrBacklog,KeepAsInferredFallbackOrBacklog,DefaultLS800BkgdName,Global,community-reference-inferred-phobos-20260603,name-inferred-ui-fallback-p1-20260603,加载界面相关 UI 坐标/背景字段，缺少逐条官方来源；可保留为低权重 inferred fallback，但不要晋级 source-verified。,Docs/FieldRegistryInferredBacklogRecovery_2026-06-03.md,SafetyKeptAsInferredFallback
P1,RemoveOrBacklog,KeepAsInferredFallbackOrBacklog,DefaultLS800BkgdPal,Global,community-reference-inferred-phobos-20260603,name-inferred-ui-fallback-p1-20260603,加载界面相关 UI 坐标/背景字段，缺少逐条官方来源；可保留为低权重 inferred fallback，但不要晋级 source-verified。,Docs/FieldRegistryInferredBacklogRecovery_2026-06-03.md,SafetyKeptAsInferredFallback
P1,RemoveOrBacklog,KeepAsInferredFallbackOrBacklog,DefaultLS800BriefLocX,Global,community-reference-inferred-phobos-20260603,name-inferred-ui-fallback-p1-20260603,加载界面相关 UI 坐标/背景字段，缺少逐条官方来源；可保留为低权重 inferred fallback，但不要晋级 source-verified。,Docs/FieldRegistryInferredBacklogRecovery_2026-06-03.md,SafetyKeptAsInferredFallback
P1,RemoveOrBacklog,KeepAsInferredFallbackOrBacklog,DefaultLS800BriefLocY,Global,community-reference-inferred-phobos-20260603,name-inferred-ui-fallback-p1-20260603,加载界面相关 UI 坐标/背景字段，缺少逐条官方来源；可保留为低权重 inferred fallback，但不要晋级 source-verified。,Docs/FieldRegistryInferredBacklogRecovery_2026-06-03.md,SafetyKeptAsInferredFallback
3G-A/B/C-overlay,RemoveOrBacklog,DetailedOverlayRemove,RefundPercent,Techno,community-reference-inferred-yuri-20260603,,推断型字段：RefundPercent / Techno 暂未完成官方逐条核验；根据字段名、所属 TechnoType 对象 上下文和既有社区资料线索，它可能用于数值阈值、间隔、次数或概率参数。取值格式仍按原 INI 资料或项目内实际用法确认。该说明仅作为 BuiltIn 宽松兜底，不能替代 ModEnc、Ares 或,,3G-B wrong-context duplicate
3G-A/B/C-overlay,RemoveOrBacklog,DetailedOverlayRemove,DamageDelay,Techno,community-reference-inferred-yuri-20260603,,推断型字段：DamageDelay / Techno 暂未完成官方逐条核验；根据字段名、所属 TechnoType 对象 上下文和既有社区资料线索，它可能用于生命值、护甲、伤害或修理倍率，并可能涉及数值阈值、间隔、次数或概率参数。取值格式仍按原 INI 资料或项目内实际用法确认。该说明仅作为 BuiltIn 宽松兜底，,,3G-B wrong-context duplicate
3G-A/B/C-overlay,RemoveOrBacklog,DetailedOverlayRemove,GrowthRate,Techno,community-reference-inferred-yuri-20260603,,推断型字段：GrowthRate / Techno 暂未完成官方逐条核验；根据字段名、所属 TechnoType 对象 上下文和既有社区资料线索，它可能用于移动、寻路、部署或运动限制，并可能涉及数值阈值、间隔、次数或概率参数。取值格式仍按原 INI 资料或项目内实际用法确认。该说明仅作为 BuiltIn 宽松兜底，不能,,3G-B wrong-context duplicate
3G-A/B/C-overlay,RemoveOrBacklog,DetailedOverlayRemove,BuildSpeed,Techno,community-reference-inferred-yuri-20260603,,推断型字段：BuildSpeed / Techno 暂未完成官方逐条核验；根据字段名、所属 TechnoType 对象 上下文和既有社区资料线索，它可能用于建造条件、阵营可用性或生产经济，并可能涉及移动、寻路、部署或运动限制。取值格式仍按原 INI 资料或项目内实际用法确认。该说明仅作为 BuiltIn 宽松兜底，不能,,3G-B wrong-context duplicate
3G-A/B/C-overlay,RemoveOrBacklog,DetailedOverlayRemove,MultipleFactory,Techno,community-reference-inferred-yuri-20260603,,推断型字段：MultipleFactory / Techno 暂未完成官方逐条核验；根据字段名、所属 TechnoType 对象 上下文和既有社区资料线索，它可能用于建造条件、阵营可用性或生产经济。取值格式仍按原 INI 资料或项目内实际用法确认。该说明仅作为 BuiltIn 宽松兜底，不能替代 ModEnc、Ares,,3G-B wrong-context duplicate
3G-A/B/C-overlay,RemoveOrBacklog,DetailedOverlayRemove,WallBuildSpeedCoefficient,Techno,community-reference-inferred-yuri-20260603,,推断型字段：WallBuildSpeedCoefficient / Techno 暂未完成官方逐条核验；根据字段名、所属 TechnoType 对象 上下文和既有社区资料线索，它可能用于建造条件、阵营可用性或生产经济，并可能涉及移动、寻路、部署或运动限制。取值格式仍按原 INI 资料或项目内实际用法确认。该说明仅作为 ,,3G-B wrong-context duplicate
3G-A/B/C-overlay,RemoveOrBacklog,DetailedOverlayRemove,LowPowerPenaltyModifier,Techno,community-reference-inferred-yuri-20260603,,推断型字段：LowPowerPenaltyModifier / Techno 暂未完成官方逐条核验；根据字段名、所属 TechnoType 对象 上下文和既有社区资料线索，它可能用于列表型条件、允许/禁止关系或筛选规则，并可能涉及建造条件、阵营可用性或生产经济。取值格式仍按原 INI 资料或项目内实际用法确认。该说明仅,,3G-B wrong-context duplicate
3G-A/B/C-overlay,RemoveOrBacklog,DetailedOverlayRemove,MaxLowPowerProductionSpeed,Techno,community-reference-inferred-yuri-20260603,,推断型字段：MaxLowPowerProductionSpeed / Techno 暂未完成官方逐条核验；根据字段名、所属 TechnoType 对象 上下文和既有社区资料线索，它可能用于列表型条件、允许/禁止关系或筛选规则，并可能涉及建造条件、阵营可用性或生产经济。取值格式仍按原 INI 资料或项目内实际用法确认。该,,3G-B wrong-context duplicate
3G-A/B/C-overlay,RemoveOrBacklog,DetailedOverlayRemove,MinLowPowerProductionSpeed,Techno,community-reference-inferred-yuri-20260603,,推断型字段：MinLowPowerProductionSpeed / Techno 暂未完成官方逐条核验；根据字段名、所属 TechnoType 对象 上下文和既有社区资料线索，它可能用于列表型条件、允许/禁止关系或筛选规则，并可能涉及建造条件、阵营可用性或生产经济。取值格式仍按原 INI 资料或项目内实际用法确认。该,,3G-B wrong-context duplicate
3G-A/B/C-overlay,RemoveOrBacklog,DetailedOverlayRemove,ReloadRate,Techno,community-reference-inferred-yuri-20260603,,推断型字段：ReloadRate / Techno 暂未完成官方逐条核验；根据字段名、所属 TechnoType 对象 上下文和既有社区资料线索，它可能用于移动、寻路、部署或运动限制，并可能涉及部署、运输、乘员或形态切换。取值格式仍按原 INI 资料或项目内实际用法确认。该说明仅作为 BuiltIn 宽松兜底，不能替代,,3G-B wrong-context duplicate
3G-A/B/C-overlay,RemoveOrBacklog,DetailedOverlayRemove,IRepairRate,Techno,community-reference-inferred-yuri-20260603,,推断型字段：IRepairRate / Techno 暂未完成官方逐条核验；根据字段名、所属 TechnoType 对象 上下文和既有社区资料线索，它可能用于数值阈值、间隔、次数或概率参数，并可能涉及建造条件、阵营可用性或生产经济。取值格式仍按原 INI 资料或项目内实际用法确认。该说明仅作为 BuiltIn 宽松兜底,,3G-B wrong-context duplicate
3G-A/B/C-overlay,RemoveOrBacklog,DetailedOverlayRemove,IRepairStep,Techno,community-reference-inferred-yuri-20260603,,推断型字段：IRepairStep / Techno 暂未完成官方逐条核验；根据字段名、所属 TechnoType 对象 上下文和既有社区资料线索，它可能用于数值阈值、间隔、次数或概率参数，并可能涉及建造条件、阵营可用性或生产经济。取值格式仍按原 INI 资料或项目内实际用法确认。该说明仅作为 BuiltIn 宽松兜底,,3G-B wrong-context duplicate
3G-A/B/C-overlay,RemoveOrBacklog,DetailedOverlayRemove,RepairRate,Techno,community-reference-inferred-yuri-20260603,,推断型字段：RepairRate / Techno 暂未完成官方逐条核验；根据字段名、所属 TechnoType 对象 上下文和既有社区资料线索，它可能用于AI 行为、目标选择或威胁评估，并可能涉及生命值、护甲、伤害或修理倍率。取值格式仍按原 INI 资料或项目内实际用法确认。该说明仅作为 BuiltIn 宽松兜底，不,,3G-B wrong-context duplicate
3G-A/B/C-overlay,RemoveOrBacklog,DetailedOverlayRemove,RepairStep,Techno,community-reference-inferred-yuri-20260603,,推断型字段：RepairStep / Techno 暂未完成官方逐条核验；根据字段名、所属 TechnoType 对象 上下文和既有社区资料线索，它可能用于AI 行为、目标选择或威胁评估，并可能涉及生命值、护甲、伤害或修理倍率。取值格式仍按原 INI 资料或项目内实际用法确认。该说明仅作为 BuiltIn 宽松兜底，不,,3G-B wrong-context duplicate
3G-A/B/C-overlay,RemoveOrBacklog,DetailedOverlayRemove,URepairRate,Techno,community-reference-inferred-yuri-20260603,,推断型字段：URepairRate / Techno 暂未完成官方逐条核验；根据字段名、所属 TechnoType 对象 上下文和既有社区资料线索，它可能用于建造条件、阵营可用性或生产经济，并可能涉及移动、寻路、部署或运动限制。取值格式仍按原 INI 资料或项目内实际用法确认。该说明仅作为 BuiltIn 宽松兜底，不,,3G-B wrong-context duplicate
3G-A/B/C-overlay,RemoveOrBacklog,DetailedOverlayRemove,RepairPercent,Techno,community-reference-inferred-yuri-20260603,,推断型字段：RepairPercent / Techno 暂未完成官方逐条核验；根据字段名、所属 TechnoType 对象 上下文和既有社区资料线索，它可能用于AI 行为、目标选择或威胁评估，并可能涉及生命值、护甲、伤害或修理倍率。取值格式仍按原 INI 资料或项目内实际用法确认。该说明仅作为 BuiltIn 宽松兜,,3G-B wrong-context duplicate
3G-A/B/C-overlay,RemoveOrBacklog,DetailedOverlayRemove,AlliedSurvivorDivisor,Techno,community-reference-inferred-yuri-20260603,,推断型字段：AlliedSurvivorDivisor / Techno 暂未完成官方逐条核验；根据字段名、所属 TechnoType 对象 上下文和既有社区资料线索，它可能用于生成物、乘员、残骸或派生单位。取值格式仍按原 INI 资料或项目内实际用法确认。该说明仅作为 BuiltIn 宽松兜底，不能替代 ModEnc,,3G-B wrong-context duplicate
3G-A/B/C-overlay,RemoveOrBacklog,DetailedOverlayRemove,SovietSurvivorDivisor,Techno,community-reference-inferred-yuri-20260603,,推断型字段：SovietSurvivorDivisor / Techno 暂未完成官方逐条核验；根据字段名、所属 TechnoType 对象 上下文和既有社区资料线索，它可能用于生成物、乘员、残骸或派生单位。取值格式仍按原 INI 资料或项目内实际用法确认。该说明仅作为 BuiltIn 宽松兜底，不能替代 ModEnc,,3G-B wrong-context duplicate
3G-A/B/C-overlay,RemoveOrBacklog,DetailedOverlayRemove,SurvivorRate,Techno,community-reference-inferred-yuri-20260603,,推断型字段：SurvivorRate / Techno 暂未完成官方逐条核验；根据字段名、所属 TechnoType 对象 上下文和既有社区资料线索，它可能用于移动、寻路、部署或运动限制，并可能涉及生成物、乘员、残骸或派生单位。取值格式仍按原 INI 资料或项目内实际用法确认。该说明仅作为 BuiltIn 宽松兜底，不,,3G-B wrong-context duplicate
3G-A/B/C-overlay,RemoveOrBacklog,DetailedOverlayRemove,HoverDampen,Techno,community-reference-inferred-yuri-20260603,,推断型字段：HoverDampen / Techno 暂未完成官方逐条核验；根据字段名、所属 TechnoType 对象 上下文和既有社区资料线索，它可能用于移动、寻路、部署或运动限制。取值格式仍按原 INI 资料或项目内实际用法确认。该说明仅作为 BuiltIn 宽松兜底，不能替代 ModEnc、Ares 或 Pho,,3G-C wrong-context/non-existent/obsolete
3G-A/B/C-overlay,RemoveOrBacklog,DetailedOverlayRemove,HoverBob,Techno,community-reference-inferred-yuri-20260603,,推断型字段：HoverBob / Techno 暂未完成官方逐条核验；根据字段名、所属 TechnoType 对象 上下文和既有社区资料线索，它可能用于移动、寻路、部署或运动限制。取值格式仍按原 INI 资料或项目内实际用法确认。该说明仅作为 BuiltIn 宽松兜底，不能替代 ModEnc、Ares 或 Phobos,,3G-C wrong-context/non-existent/obsolete
3G-A/B/C-overlay,RemoveOrBacklog,DetailedOverlayRemove,HoverHeight,Techno,community-reference-inferred-yuri-20260603,,推断型字段：HoverHeight / Techno 暂未完成官方逐条核验；根据字段名、所属 TechnoType 对象 上下文和既有社区资料线索，它可能用于移动、寻路、部署或运动限制。取值格式仍按原 INI 资料或项目内实际用法确认。该说明仅作为 BuiltIn 宽松兜底，不能替代 ModEnc、Ares 或 Pho,,3G-C wrong-context/non-existent/obsolete
3G-A/B/C-overlay,RemoveOrBacklog,DetailedOverlayRemove,HoverBoost,Techno,community-reference-inferred-yuri-20260603,,推断型字段：HoverBoost / Techno 暂未完成官方逐条核验；根据字段名、所属 TechnoType 对象 上下文和既有社区资料线索，它可能用于移动、寻路、部署或运动限制。取值格式仍按原 INI 资料或项目内实际用法确认。该说明仅作为 BuiltIn 宽松兜底，不能替代 ModEnc、Ares 或 Phob,,3G-C wrong-context/non-existent/obsolete
3G-A/B/C-overlay,RemoveOrBacklog,DetailedOverlayRemove,HoverAcceleration,Techno,community-reference-inferred-yuri-20260603,,推断型字段：HoverAcceleration / Techno 暂未完成官方逐条核验；根据字段名、所属 TechnoType 对象 上下文和既有社区资料线索，它可能用于移动、寻路、部署或运动限制，并可能涉及超级武器或特殊效果逻辑。取值格式仍按原 INI 资料或项目内实际用法确认。该说明仅作为 BuiltIn 宽松兜底,,3G-C wrong-context/non-existent/obsolete
3G-A/B/C-overlay,RemoveOrBacklog,DetailedOverlayRemove,HoverBrake,Techno,community-reference-inferred-yuri-20260603,,推断型字段：HoverBrake / Techno 暂未完成官方逐条核验；根据字段名、所属 TechnoType 对象 上下文和既有社区资料线索，它可能用于移动、寻路、部署或运动限制。取值格式仍按原 INI 资料或项目内实际用法确认。该说明仅作为 BuiltIn 宽松兜底，不能替代 ModEnc、Ares 或 Phob,,3G-C wrong-context/non-existent/obsolete
3G-A/B/C-overlay,RemoveOrBacklog,DetailedOverlayRemove,BalloonHoverHeight,Techno,community-reference-inferred-yuri-20260603,,推断型字段：BalloonHoverHeight / Techno 暂未完成官方逐条核验；根据字段名、所属 TechnoType 对象 上下文和既有社区资料线索，它可能用于移动、寻路、部署或运动限制。取值格式仍按原 INI 资料或项目内实际用法确认。该说明仅作为 BuiltIn 宽松兜底，不能替代 ModEnc、Are,,3G-C wrong-context/non-existent/obsolete
3G-A/B/C-overlay,RemoveOrBacklog,DetailedOverlayRemove,BalloonHoverDampen,Global,name-inferred-yuri-20260603,,推断型字段：BalloonHoverDampen / Global 暂未完成官方逐条核验；根据字段名、所属 全局配置 上下文和既有社区资料线索，它可能用于移动、寻路、部署或运动限制。取值格式仍按原 INI 资料或项目内实际用法确认。该说明仅作为 BuiltIn 宽松兜底，不能替代 ModEnc、Ares 或 Phobo,,3G-C wrong-context/non-existent/obsolete
3G-A/B/C-overlay,RemoveOrBacklog,DetailedOverlayRemove,BalloonHoverDampen,Techno,community-reference-inferred-yuri-20260603,,推断型字段：BalloonHoverDampen / Techno 暂未完成官方逐条核验；根据字段名、所属 TechnoType 对象 上下文和既有社区资料线索，它可能用于移动、寻路、部署或运动限制。取值格式仍按原 INI 资料或项目内实际用法确认。该说明仅作为 BuiltIn 宽松兜底，不能替代 ModEnc、Are,,3G-C wrong-context/non-existent/obsolete
3G-A/B/C-overlay,RemoveOrBacklog,DetailedOverlayRemove,BalloonHoverBob,Techno,community-reference-inferred-yuri-20260603,,推断型字段：BalloonHoverBob / Techno 暂未完成官方逐条核验；根据字段名、所属 TechnoType 对象 上下文和既有社区资料线索，它可能用于移动、寻路、部署或运动限制。取值格式仍按原 INI 资料或项目内实际用法确认。该说明仅作为 BuiltIn 宽松兜底，不能替代 ModEnc、Ares 或,,3G-C wrong-context/non-existent/obsolete
3G-A/B/C-overlay,RemoveOrBacklog,DetailedOverlayRemove,BalloonHoverBoost,Techno,community-reference-inferred-yuri-20260603,,推断型字段：BalloonHoverBoost / Techno 暂未完成官方逐条核验；根据字段名、所属 TechnoType 对象 上下文和既有社区资料线索，它可能用于移动、寻路、部署或运动限制。取值格式仍按原 INI 资料或项目内实际用法确认。该说明仅作为 BuiltIn 宽松兜底，不能替代 ModEnc、Ares,,3G-C wrong-context/non-existent/obsolete
3G-A/B/C-overlay,RemoveOrBacklog,DetailedOverlayRemove,BalloonHoverAcceleration,Techno,community-reference-inferred-yuri-20260603,,推断型字段：BalloonHoverAcceleration / Techno 暂未完成官方逐条核验；根据字段名、所属 TechnoType 对象 上下文和既有社区资料线索，它可能用于移动、寻路、部署或运动限制，并可能涉及超级武器或特殊效果逻辑。取值格式仍按原 INI 资料或项目内实际用法确认。该说明仅作为 Built,,3G-C wrong-context/non-existent/obsolete
3G-A/B/C-overlay,RemoveOrBacklog,DetailedOverlayRemove,BalloonHoverBrake,Techno,community-reference-inferred-yuri-20260603,,推断型字段：BalloonHoverBrake / Techno 暂未完成官方逐条核验；根据字段名、所属 TechnoType 对象 上下文和既有社区资料线索，它可能用于移动、寻路、部署或运动限制。取值格式仍按原 INI 资料或项目内实际用法确认。该说明仅作为 BuiltIn 宽松兜底，不能替代 ModEnc、Ares,,3G-C wrong-context/non-existent/obsolete
3G-A/B/C-overlay,RemoveOrBacklog,DetailedOverlayRemove,TurnRate,Global,source-verified-obsolete-jumpjetcontrols-guardrail-p0-20260603,,TurnRate 是旧 [JumpjetControls] / TS 风格字段；RA2/YR 应优先使用 Jumpjet* 对应字段，当前行不应作为普通 Global canonical。,,3G-C wrong-context/non-existent/obsolete
3G-A/B/C-overlay,RemoveOrBacklog,DetailedOverlayRemove,TurnRate,Techno,community-reference-inferred-yuri-20260603,,推断型字段：TurnRate / Techno 暂未完成官方逐条核验；根据字段名、所属 TechnoType 对象 上下文和既有社区资料线索，它可能用于移动、寻路、部署或运动限制，并可能涉及数值阈值、间隔、次数或概率参数。取值格式仍按原 INI 资料或项目内实际用法确认。该说明仅作为 BuiltIn 宽松兜底，不能替代,,3G-C wrong-context/non-existent/obsolete
3G-A/B/C-overlay,RemoveOrBacklog,DetailedOverlayRemove,Climb,Global,source-verified-obsolete-jumpjetcontrols-guardrail-p0-20260603,,Climb 是旧 [JumpjetControls] / TS 风格字段；RA2/YR 应优先使用 Jumpjet* 对应字段，当前行不应作为普通 Global canonical。,,3G-C wrong-context/non-existent/obsolete
3G-A/B/C-overlay,RemoveOrBacklog,DetailedOverlayRemove,Climb,Techno,community-reference-inferred-yuri-20260603,,推断型字段：Climb / Techno 暂未完成官方逐条核验；根据字段名、所属 TechnoType 对象 上下文和既有社区资料线索，它可能用于对象行为、显示或引擎内部规则。取值格式仍按原 INI 资料或项目内实际用法确认。该说明仅作为 BuiltIn 宽松兜底，不能替代 ModEnc、Ares 或 Phobos 官,,3G-C wrong-context/non-existent/obsolete
3G-A/B/C-overlay,RemoveOrBacklog,DetailedOverlayRemove,CruiseHeight,Global,source-verified-obsolete-jumpjetcontrols-guardrail-p0-20260603,,CruiseHeight 是旧 [JumpjetControls] / TS 风格字段；RA2/YR 应优先使用 Jumpjet* 对应字段，当前行不应作为普通 Global canonical。,,3G-C wrong-context/non-existent/obsolete
3G-A/B/C-overlay,RemoveOrBacklog,DetailedOverlayRemove,CruiseHeight,Techno,community-reference-inferred-yuri-20260603,,推断型字段：CruiseHeight / Techno 暂未完成官方逐条核验；根据字段名、所属 TechnoType 对象 上下文和既有社区资料线索，它可能用于对象行为、显示或引擎内部规则。取值格式仍按原 INI 资料或项目内实际用法确认。该说明仅作为 BuiltIn 宽松兜底，不能替代 ModEnc、Ares 或 P,,3G-C wrong-context/non-existent/obsolete
3G-A/B/C-overlay,RemoveOrBacklog,DetailedOverlayRemove,Acceleration,Global,source-verified-movement-hover-flight-p0-20260603,,移动、悬浮、飞行或落体相关字段；修正旧注释中的“分钟/时间”误读，并区分 Global canonical 与 obsolete guardrail。,,3G-C wrong-context/non-existent/obsolete
3G-A/B/C-overlay,RemoveOrBacklog,DetailedOverlayRemove,WobblesPerSecond,Global,source-verified-obsolete-jumpjetcontrols-guardrail-p0-20260603,,WobblesPerSecond 是旧 [JumpjetControls] / TS 风格字段；RA2/YR 应优先使用 Jumpjet* 对应字段，当前行不应作为普通 Global canonical。,,3G-C wrong-context/non-existent/obsolete
3G-A/B/C-overlay,RemoveOrBacklog,DetailedOverlayRemove,WobblesPerSecond,Techno,community-reference-inferred-yuri-20260603,,推断型字段：WobblesPerSecond / Techno 暂未完成官方逐条核验；根据字段名、所属 TechnoType 对象 上下文和既有社区资料线索，它可能用于武器、开火或投射表现，并可能涉及超级武器或特殊效果逻辑。取值格式仍按原 INI 资料或项目内实际用法确认。该说明仅作为 BuiltIn 宽松兜底，不能替,,3G-C wrong-context/non-existent/obsolete
3G-A/B/C-overlay,RemoveOrBacklog,DetailedOverlayRemove,WobbleDeviation,Global,source-verified-obsolete-jumpjetcontrols-guardrail-p0-20260603,,WobbleDeviation 是旧 [JumpjetControls] / TS 风格字段；RA2/YR 应优先使用 Jumpjet* 对应字段，当前行不应作为普通 Global canonical。,,3G-C wrong-context/non-existent/obsolete
3G-A/B/C-overlay,RemoveOrBacklog,DetailedOverlayRemove,WobbleDeviation,Techno,community-reference-inferred-yuri-20260603,,推断型字段：WobbleDeviation / Techno 暂未完成官方逐条核验；根据字段名、所属 TechnoType 对象 上下文和既有社区资料线索，它可能用于超级武器或特殊效果逻辑。取值格式仍按原 INI 资料或项目内实际用法确认。该说明仅作为 BuiltIn 宽松兜底，不能替代 ModEnc、Ares 或 P,,3G-C wrong-context/non-existent/obsolete
3G-A/B/C-overlay,RemoveOrBacklog,DetailedOverlayRemove,Crash,Techno,community-reference-inferred-phobos-20260603,,推断型字段：Crash / Techno 暂未完成官方逐条核验；根据字段名、所属 TechnoType 对象 上下文和既有社区资料线索，它可能用于对象行为、显示或引擎内部规则。通常按整数参数理解。该说明仅作为 BuiltIn 宽松兜底，不能替代 ModEnc、Ares 或 Phobos 官方字段页。,,3G-C wrong-context/non-existent/obsolete
3G-A/B/C-overlay,RemoveOrBacklog,DetailedOverlayRemove,NoWobbles,Techno,community-reference-inferred-phobos-20260603,,推断型字段：NoWobbles / Techno 暂未完成官方逐条核验；根据字段名、所属 TechnoType 对象 上下文和既有社区资料线索，它可能用于超级武器或特殊效果逻辑。通常按 yes/no 布尔值理解。该说明仅作为 BuiltIn 宽松兜底，不能替代 ModEnc、Ares 或 Phobos 官方字段页。,,3G-C wrong-context/non-existent/obsolete
3G-A/B/C-overlay,RemoveOrBacklog,DetailedOverlayRemove,DropPodHeight,Techno,community-reference-inferred-yuri-20260603,,推断型字段：DropPodHeight / Techno 暂未完成官方逐条核验；根据字段名、所属 TechnoType 对象 上下文和既有社区资料线索，它可能用于超级武器或特殊效果逻辑。取值格式仍按原 INI 资料或项目内实际用法确认。该说明仅作为 BuiltIn 宽松兜底，不能替代 ModEnc、Ares 或 Pho,,3G-C wrong-context/non-existent/obsolete
3G-A/B/C-overlay,RemoveOrBacklog,DetailedOverlayRemove,DropPodSpeed,Techno,community-reference-inferred-yuri-20260603,,推断型字段：DropPodSpeed / Techno 暂未完成官方逐条核验；根据字段名、所属 TechnoType 对象 上下文和既有社区资料线索，它可能用于移动、寻路、部署或运动限制，并可能涉及超级武器或特殊效果逻辑。取值格式仍按原 INI 资料或项目内实际用法确认。该说明仅作为 BuiltIn 宽松兜底，不能替代,,3G-C wrong-context/non-existent/obsolete
3G-A/B/C-overlay,RemoveOrBacklog,DetailedOverlayRemove,DropPodAngle,Techno,community-reference-inferred-yuri-20260603,,推断型字段：DropPodAngle / Techno 暂未完成官方逐条核验；根据字段名、所属 TechnoType 对象 上下文和既有社区资料线索，它可能用于超级武器或特殊效果逻辑。取值格式仍按原 INI 资料或项目内实际用法确认。该说明仅作为 BuiltIn 宽松兜底，不能替代 ModEnc、Ares 或 Phob,,3G-C wrong-context/non-existent/obsolete
3G-A/B/C-overlay,RemoveOrBacklog,DetailedOverlayRemove,HunterSeekerAscentSpeed,Techno,community-reference-inferred-yuri-20260603,,推断型字段：HunterSeekerAscentSpeed / Techno 暂未完成官方逐条核验；根据字段名、所属 TechnoType 对象 上下文和既有社区资料线索，它可能用于AI 行为、目标选择或威胁评估，并可能涉及移动、寻路、部署或运动限制。取值格式仍按原 INI 资料或项目内实际用法确认。该说明仅作为 Bu,,3G-C wrong-context/non-existent/obsolete
3G-A/B/C-overlay,RemoveOrBacklog,DetailedOverlayRemove,HunterSeekerDescentSpeed,Techno,community-reference-inferred-yuri-20260603,,推断型字段：HunterSeekerDescentSpeed / Techno 暂未完成官方逐条核验；根据字段名、所属 TechnoType 对象 上下文和既有社区资料线索，它可能用于AI 行为、目标选择或威胁评估，并可能涉及移动、寻路、部署或运动限制。取值格式仍按原 INI 资料或项目内实际用法确认。该说明仅作为 B,,3G-C wrong-context/non-existent/obsolete
3G-A/B/C-overlay,RemoveOrBacklog,DetailedOverlayRemove,HunterSeekerEmergeSpeed,Techno,community-reference-inferred-yuri-20260603,,推断型字段：HunterSeekerEmergeSpeed / Techno 暂未完成官方逐条核验；根据字段名、所属 TechnoType 对象 上下文和既有社区资料线索，它可能用于AI 行为、目标选择或威胁评估，并可能涉及移动、寻路、部署或运动限制。取值格式仍按原 INI 资料或项目内实际用法确认。该说明仅作为 Bu,,3G-C wrong-context/non-existent/obsolete
3G-A/B/C-overlay,RemoveOrBacklog,DetailedOverlayRemove,HunterSeekerDescendProximity,Techno,community-reference-inferred-yuri-20260603,,推断型字段：HunterSeekerDescendProximity / Techno 暂未完成官方逐条核验；根据字段名、所属 TechnoType 对象 上下文和既有社区资料线索，它可能用于AI 行为、目标选择或威胁评估。取值格式仍按原 INI 资料或项目内实际用法确认。该说明仅作为 BuiltIn 宽松兜底，不能替,,3G-C wrong-context/non-existent/obsolete
3G-A/B/C-overlay,RemoveOrBacklog,DetailedOverlayRemove,HunterSeekerDetonateProximity,Techno,community-reference-inferred-yuri-20260603,,推断型字段：HunterSeekerDetonateProximity / Techno 暂未完成官方逐条核验；根据字段名、所属 TechnoType 对象 上下文和既有社区资料线索，它可能用于AI 行为、目标选择或威胁评估。取值格式仍按原 INI 资料或项目内实际用法确认。该说明仅作为 BuiltIn 宽松兜底，不能,,3G-C wrong-context/non-existent/obsolete
3G-A/B/C-overlay,RemoveOrBacklog,DetailedOverlayRemove,MissileROTVar,Techno,community-reference-inferred-yuri-20260603,,推断型字段：MissileROTVar / Techno 暂未完成官方逐条核验；根据字段名、所属 TechnoType 对象 上下文和既有社区资料线索，它可能用于移动、寻路、部署或运动限制，并可能涉及生成物、乘员、残骸或派生单位。取值格式仍按原 INI 资料或项目内实际用法确认。该说明仅作为 BuiltIn 宽松兜底，,,3G-C wrong-context/non-existent/obsolete
3G-A/B/C-overlay,RemoveOrBacklog,DetailedOverlayRemove,MissileSpeedVar,Techno,community-reference-inferred-yuri-20260603,,推断型字段：MissileSpeedVar / Techno 暂未完成官方逐条核验；根据字段名、所属 TechnoType 对象 上下文和既有社区资料线索，它可能用于移动、寻路、部署或运动限制，并可能涉及生成物、乘员、残骸或派生单位。取值格式仍按原 INI 资料或项目内实际用法确认。该说明仅作为 BuiltIn 宽松兜,,3G-C wrong-context/non-existent/obsolete
3G-A/B/C-overlay,RemoveOrBacklog,DetailedOverlayRemove,MissileSafetyAltitude,Techno,community-reference-inferred-yuri-20260603,,推断型字段：MissileSafetyAltitude / Techno 暂未完成官方逐条核验；根据字段名、所属 TechnoType 对象 上下文和既有社区资料线索，它可能用于生成物、乘员、残骸或派生单位。取值格式仍按原 INI 资料或项目内实际用法确认。该说明仅作为 BuiltIn 宽松兜底，不能替代 ModEnc,,3G-C wrong-context/non-existent/obsolete
3G-A/B/C-overlay,RemoveOrBacklog,DetailedOverlayRemove,TrackedUphill,Techno,community-reference-inferred-yuri-20260603,,推断型字段：TrackedUphill / Techno 暂未完成官方逐条核验；根据字段名、所属 TechnoType 对象 上下文和既有社区资料线索，它可能用于对象行为、显示或引擎内部规则。取值格式仍按原 INI 资料或项目内实际用法确认。该说明仅作为 BuiltIn 宽松兜底，不能替代 ModEnc、Ares 或 ,,3G-C wrong-context/non-existent/obsolete
3G-A/B/C-overlay,RemoveOrBacklog,DetailedOverlayRemove,TrackedDownhill,Techno,community-reference-inferred-yuri-20260603,,推断型字段：TrackedDownhill / Techno 暂未完成官方逐条核验；根据字段名、所属 TechnoType 对象 上下文和既有社区资料线索，它可能用于对象行为、显示或引擎内部规则。取值格式仍按原 INI 资料或项目内实际用法确认。该说明仅作为 BuiltIn 宽松兜底，不能替代 ModEnc、Ares ,,3G-C wrong-context/non-existent/obsolete
3G-A/B/C-overlay,RemoveOrBacklog,DetailedOverlayRemove,WheeledUphill,Techno,community-reference-inferred-yuri-20260603,,推断型字段：WheeledUphill / Techno 暂未完成官方逐条核验；根据字段名、所属 TechnoType 对象 上下文和既有社区资料线索，它可能用于对象行为、显示或引擎内部规则。取值格式仍按原 INI 资料或项目内实际用法确认。该说明仅作为 BuiltIn 宽松兜底，不能替代 ModEnc、Ares 或 ,,3G-C wrong-context/non-existent/obsolete
3G-A/B/C-overlay,RemoveOrBacklog,DetailedOverlayRemove,WheeledDownhill,Techno,community-reference-inferred-yuri-20260603,,推断型字段：WheeledDownhill / Techno 暂未完成官方逐条核验；根据字段名、所属 TechnoType 对象 上下文和既有社区资料线索，它可能用于对象行为、显示或引擎内部规则。取值格式仍按原 INI 资料或项目内实际用法确认。该说明仅作为 BuiltIn 宽松兜底，不能替代 ModEnc、Ares ,,3G-C wrong-context/non-existent/obsolete
3G-A/B/C-overlay,RemoveOrBacklog,DetailedOverlayRemove,Airspeed,Global,source-verified-movement-hover-flight-p0-20260603,,移动、悬浮、飞行或落体相关字段；修正旧注释中的“分钟/时间”误读，并区分 Global canonical 与 obsolete guardrail。,,3G-C wrong-context/non-existent/obsolete
3G-A/B/C-overlay,RemoveOrBacklog,DetailedOverlayRemove,Airspeed,Techno,community-reference-inferred-yuri-20260603,,推断型字段：Airspeed / Techno 暂未完成官方逐条核验；根据字段名、所属 TechnoType 对象 上下文和既有社区资料线索，它可能用于AI 行为、目标选择或威胁评估，并可能涉及移动、寻路、部署或运动限制。取值格式仍按原 INI 资料或项目内实际用法确认。该说明仅作为 BuiltIn 宽松兜底，不能替代,,3G-C wrong-context/non-existent/obsolete
3G-A/B/C-overlay,RemoveOrBacklog,DetailedOverlayRemove,Groundspeed,Global,source-verified-movement-hover-flight-p0-20260603,,移动、悬浮、飞行或落体相关字段；修正旧注释中的“分钟/时间”误读，并区分 Global canonical 与 obsolete guardrail。,,3G-C wrong-context/non-existent/obsolete
3G-A/B/C-overlay,RemoveOrBacklog,DetailedOverlayRemove,Groundspeed,Techno,community-reference-inferred-yuri-20260603,,推断型字段：Groundspeed / Techno 暂未完成官方逐条核验；根据字段名、所属 TechnoType 对象 上下文和既有社区资料线索，它可能用于移动、寻路、部署或运动限制。取值格式仍按原 INI 资料或项目内实际用法确认。该说明仅作为 BuiltIn 宽松兜底，不能替代 ModEnc、Ares 或 Pho,,3G-C wrong-context/non-existent/obsolete
